a;a;0;0;0,0106383;0,3297872;0;0,0106383;0;0;0;0;0;0,0212766;0,4361702;0,106383;0;0;0;0,0425532;0,0106383;0;0,0106383;0;0,0106383;0;0;0;0,0106383
a;b;0,0075307;0,0140045;0;0,0085877;0,020214;0;0;0,0029066;0,1762452;0,0014533;0;0,400185;0;0,0019818;0,252213;0;0;0,0146651;0,0622275;0;0,0192892;0;0;0;0,0085877;0;0,0099088
a;c;0,0066204;0,0000817;0,0963629;0,0006539;0,2368615;0;0;0,1985288;0,0402942;0;0,1439313;0,0111157;0;0,0001635;0,0089089;0;0,0155292;0,0263997;0,0003269;0,1977115;0,0092358;0;0;0;0,0048222;0;0,002452
a;d;0,030496;0,0001415;0,0000708;0,0352367;0,1144131;0,0038916;0,0004245;0,0027595;0,0417463;0,0038916;0;0,0098351;0,0241987;0,003184;0,0245525;0;0,0000708;0,0103304;0,0175476;0,0022642;0,011604;0,0342461;0,0005661;0;0,0419585;0;0,5865704
a;e;0,0345679;0;0,0024691;0,0098765;0,0074074;0;0,0222222;0;0;0;0;0,1753086;0,0024691;0,0123457;0,1135802;0;0,0049383;0,0839506;0,0074074;0,0049383;0,0246914;0;0;0;0;0;0,4938272
a;f;0,0039825;0,0003982;0;0,0003982;0,0999602;0,2015133;0;0;0,0023895;0;0;0,006372;0;0,0007965;0,0087614;0;0;0,085225;0,0003982;0,567503;0;0;0;0;0,0055755;0;0,0167264
a;g;0,2236888;0,000176;0;0,0024639;0,4294263;0;0,0385428;0,00088;0,0587821;0;0;0,0175994;0,0163675;0,0142555;0,1061246;0,001056;0;0,0390707;0,0051038;0;0,0336149;0;0;0;0;0;0,0128476
a;h;0,0432099;0;0;0,0020576;0,0823045;0;0,0020576;0;0,2098765;0;0;0,0144033;0,0185185;0,0041152;0,0226337;0;0;0,0082305;0,0390947;0,0061728;0,026749;0;0,0020576;0;0;0;0,5185185
a;i;0,0006475;0;0,0007285;0,1760421;0,0017807;0,0004047;0,009308;0;0;0;0,0000809;0,0815055;0,0270336;0,4863618;0,0004047;0;0;0,1276406;0,0405504;0,0454877;0;0,0002428;0;0;0;0,0005666;0,0012141
a;j;0,2051282;0;0;0;0,3846154;0;0;0;0;0;0;0;0;0;0,3589744;0;0;0;0;0;0,0512821;0;0;0;0;0;0
a;k;0,0057518;0,0010956;0;0,0030129;0,6261298;0,0232813;0;0;0,1383183;0;0,0005478;0,0041085;0,0002739;0,007943;0;0,0002739;0;0;0,0276637;0,0021912;0;0;0,0008217;0;0;0;0,1585867
a;l;0,0193783;0,0017053;0,0047283;0,0094566;0,03647;0,0204635;0,0010077;0,0000775;0,0427874;0,0000388;0,0280211;0,3807069;0,031858;0,0002713;0,036315;0,0043407;0;0,0096117;0,0639485;0,0376715;0,0072863;0,0015503;0,0156189;0;0,0020153;0;0,244671
a;m;0,0207056;0,0409485;0,0002313;0,0050896;0,4598034;0,0001157;0;0;0,0980914;0;0;0,0021978;0,0231348;0,0048583;0,0823597;0,0598034;0;0,0001157;0,0207056;0,0018508;0,0139965;0,0001157;0,0001157;0;0,0019665;0;0,1637941
a;n;0,0086466;0,0000984;0,0539746;0,5019121;0,015592;0,0000984;0,0384388;0,0004499;0,0304671;0,0000141;0,0097855;0,0012232;0,0000422;0,0184461;0,0136378;0,0000281;0,000942;0;0,0303265;0,0690465;0,0019121;0,0001406;0,0002531;0,0012232;0,0421224;0,0000844;0,1610944
a;o;0;0;0;0;0;0;0;0;0;0;0;0,0055249;0,0110497;0,0110497;0;0;0;0,5469613;0,1823204;0,0165746;0,0607735;0;0;0;0;0;0,1657459
a;p;0,0613412;0,0001545;0,0001545;0,0027812;0,1962299;0;0;0,0293572;0,0537701;0;0;0,0055624;0;0,000309;0,0254944;0,3887515;0;0,0118974;0,0800371;0,1154203;0,000618;0;0,0004635;0;0,0020087;0;0,0256489
a;q;0;0;0;0;0;0;0;0;0;0;0;0;0;0;0;0;0;0;0;0;1;0;0;0;0;0;0
a;r;0,046605;0,0072351;0,0294045;0,1003904;0,186884;0,0024572;0,0305785;0,000273;0,0656619;0;0,0390695;0,0333907;0,0321075;0,0248451;0,0051874;0,0054605;0,0001092;0,0561062;0,0332542;0,1070522;0,0003003;0,0045322;0,0006553;0;0,0361482;0,0385508;0,1137412
a;s;0,0060048;0,0000646;0,009427;0,0016465;0,0543341;0;0,0000323;0,0159806;0,0246328;0;0,0245682;0,0022276;0,0015819;0,0003228;0,0174011;0,0103955;0,0000646;0,0000323;0,0829056;0,1378531;0,0139467;0;0,0000646;0;0,0034867;0;0,5930266
a;t;0,0112828;0,0001602;0,0162719;0,0000229;0,1696762;0,0010528;0,0000687;0,0818858;0,1327383;0;0,0000458;0,0034558;0,0022199;0,0006408;0,007026;0;0;0,0035702;0,0078499;0,0478544;0,0428653;0;0,0001144;0;0,0004577;0;0,4707404
a;u;0;0,0098462;0,0384615;0,0298462;0,0003077;0,0006154;0,2390769;0;0,0006154;0;0,0018462;0,068;0,0021538;0,0590769;0;0,0012308;0,0021538;0,0153846;0,328;0,188;0;0,0015385;0;0,0046154;0;0,0015385;0,0076923
a;v;0,0415191;0;0;0,0039355;0,7485242;0;0;0;0,1053719;0;0;0,0000984;0;0,0446675;0,0412239;0;0;0,0000984;0,0005903;0;0;0;0;0;0,0130854;0;0,0008855
a;w;0,2472826;0,0033967;0;0,0023777;0,0377038;0,032269;0,0006793;0,0033967;0,0424592;0;0,014606;0,0414402;0;0,0777853;0,0054348;0;0;0,0013587;0,0815217;0,0006793;0;0;0;0;0,0040761;0;0,4035326
a;x;0,0031546;0;0;0,0031546;0,1608833;0;0;0;0,1293375;0;0;0,0126183;0;0;0,0031546;0;0;0;0,044164;0;0;0;0,0031546;0;0,0031546;0;0,637224
a;y;0,0045173;0,0014197;0,0001291;0,0028394;0,0575632;0,0014197;0;0,0010325;0,0322664;0;0;0,0061951;0,0021941;0,0005163;0,0010325;0,0006453;0;0,0073567;0,145586;0,0609189;0;0;0,0012907;0;0,0001291;0;0,6729479
a;z;0,0870968;0;0;0,0322581;0,4322581;0;0;0;0,2870968;0;0;0,0129032;0;0;0,083871;0;0;0;0;0,0016129;0,0193548;0;0;0;0,0258065;0,0112903;0,0064516
a;S;0,0341599;0,0504808;0,0788209;0,0520412;0,0027412;0,0731275;0,0519146;0,0440283;0,0146761;0,0038799;0,0056511;0,0695428;0,0690368;0,023195;0,0177547;0,0636387;0,0063681;0,0334008;0,1302294;0,0574393;0,0023195;0,0290992;0,054192;0;0,0057355;0,0007591;0,0257675
b;a;0,0002728;0,1391162;0,2239498;0,0567376;0,0010911;0,0043644;0,0095472;0,0150027;0,0040917;0,0016367;0,00491;0,0567376;0,0032733;0,1432079;0;0,0013639;0,0010911;0,1609384;0,066012;0,0755592;0,002455;0;0;0;0,0245499;0,0008183;0,0032733
b;b;0,0700809;0;0;0;0,328841;0;0;0;0,1832884;0;0;0,1563342;0;0;0,1293801;0;0;0,0431267;0;0;0,0215633;0;0;0;0,0539084;0;0,0134771
b;c;0;0;0;0;0;0;0;0;0;0;0;0,2;0;0;0,4;0;0;0;0;0;0,2;0;0;0;0;0;0,2
b;d;0;0;0;0;0;0;0;0;0,048951;0;0;0;0;0;0,048951;0;0;0;0;0;0,7342657;0;0;0;0,020979;0;0,1468531
b;e;0,0619125;0,0000463;0,0484834;0,0399166;0,1459597;0,0575133;0,0216254;0,0230609;0,0525585;0,0000463;0;0,061542;0,0008798;0,0278768;0,0000463;0;0,0003241;0,0825191;0,0405186;0,0576059;0,0000926;0,0002315;0,0024543;0;0,0132901;0,0004168;0,261079
b;f;0,8461538;0;0;0;0;0;0;0;0;0;0;0;0;0;0,1538462;0;0;0;0;0;0;0;0;0;0;0;0
b;g;0;0;0;0;0,3333333;0;0;0;0;0;0;0;0;0;0;0;0;0,6666667;0;0;0;0;0;0;0;0;0
b;h;0;0;0;0;0;0;0;0;0,0434783;0;0;0;0;0;0,9565217;0;0;0;0;0;0;0;0;0;0;0;0
b;i;0,0082563;0,007926;0,0095773;0,0643989;0,0059445;0,0006605;0,0171731;0;0;0;0;0,093461;0,0046235;0,1350727;0,0033025;0,0006605;0,0009908;0,2090489;0,0085865;0,4088507;0,0019815;0,009247;0,0003303;0;0;0,007926;0,0019815
b;j;0;0;0;0;0,9835391;0;0;0;0;0;0;0;0;0;0,0082305;0;0;0;0;0;0,0082305;0;0;0;0;0;0
b;k;0;0;0;0;0;0;0;0;0;0;0;0;0;0;0;0;0;0;0;0;0;0;0;0;0;0;0
b;l;0,130088;0;0;0,004538;0,5706821;0;0;0;0,0917217;0;0;0;0,0001375;0;0,0643564;0;0;0;0,0001375;0;0,0291529;0;0;0;0,1086359;0;0,0005501
b;m;0,2345679;0;0;0;0,2345679;0;0;0;0,5185185;0;0;0;0;0;0;0;0;0;0;0;0;0;0;0;0,0123457;0;0
b;n;0;0;0;0;0,0909091;0;0;0;0;0;0;0;0;0;0,9090909;0;0;0;0;0;0;0;0;0;0;0;0
b;o;0,0669504;0,0006548;0,0003274;0,0928139;0,0003274;0;0,0022917;0,0004911;0,0072025;0;0;0,035194;0,0032739;0,0535276;0,0484531;0;0;0,1000164;0,0083483;0,1520707;0,2913734;0,0748077;0,0302832;0,008021;0,0194795;0;0,0040923
b;p;0;0;0;0;0;0;0;0;1;0;0;0;0;0;0;0;0;0;0;0;0;0;0;0;0;0;0
b;q;0;0;0;0;0;0;0;0;0;0;0;0;0;0;0;0;0;0;0;0;0;0;0;0;0;0;0
b;r;0,1778158;0;0;0;0,2271853;0;0;0;0,2380851;0;0;0;0;0;0,2756999;0;0;0;0;0;0,0577046;0;0;0;0,0230819;0;0,0004274
b;s;0;0;0,0585774;0;0,4100418;0;0;0;0,083682;0;0;0;0;0;0,1241283;0,0076709;0;0;0;0,1283124;0,0153417;0;0;0;0,0006974;0;0,1715481
b;t;0,1266568;0;0;0;0,1472754;0,0868925;0;0;0,0132548;0;0;0,0721649;0;0;0;0;0;0,0147275;0,0338733;0;0,0014728;0;0;0;0;0;0,5036819
b;u;0;0,002381;0,0033069;0,0051587;0,0089947;0,001455;0,0037037;0;0,0289683;0;0,0013228;0,026455;0,0005291;0,0185185;0,0015873;0;0;0,0637566;0,0428571;0,7849206;0;0;0;0,0006614;0,002381;0,0018519;0,0011905
b;v;0,0547945;0;0;0;0,0273973;0;0;0;0,9178082;0;0;0;0;0;0;0;0;0;0;0;0;0;0;0;0;0;0
b;w;0;0;0;0;1;0;0;0;0;0;0;0;0;0;0;0;0;0;0;0;0;0;0;0;0;0;0
b;x;0;0;0;0;0;0;0;0;0;0;0;0;0;0;0;0;0;0;0;0;0;0;0;0;0;0;0
b;y;0,0009151;0;0,000183;0;0,0053075;0;0,000549;0;0,000183;0;0;0,0009151;0;0,0016471;0;0,000366;0;0,0018302;0,0060395;0,0016471;0;0;0,000183;0;0;0;0,9802343
b;z;0;0;0;0;0;0;0;0;0;0;0;0;0;0;0;0;0;0;0;0;0;0;0;0;0;0;0
b;S;0,1316348;0,0318471;0,0276008;0,0233546;0,014862;0,029724;0,0063694;0,0424628;0,0636943;0,0021231;0,0021231;0,0063694;0,029724;0,0042463;0,1104034;0,0169851;0,0042463;0,014862;0,0573248;0,1210191;0,0084926;0,0021231;0,07431;0;0,0084926;0;0,1656051
c;a;0;0,0242701;0,0068397;0,0030889;0,0003677;0,001618;0,0013238;0,000809;0,0005148;0;0,0019122;0,1582702;0,073325;0,196661;0,0010296;0,0607487;0;0,1098036;0,1030374;0,1340737;0,0786938;0,0077223;0,0005148;0;0,0030889;0;0,0322865
c;b;0,3333333;0;0;0;0,6666667;0;0;0;0;0;0;0;0;0;0;0;0;0;0;0;0;0;0;0;0;0;0
c;c;0,1335013;0;0;0;0,2544081;0;0;0,0016793;0,031906;0;0;0,0062972;0;0;0,2854744;0;0;0,0008396;0;0;0,2858942;0;0;0;0;0;0
c;d;0;0;0;0;0;0;0;0;0;0;0;0;0;0;0,1724138;0;0;0;0;0;0;0;0;0;0;0;0,8275862
c;e;0,0303621;0,0017922;0,0012124;0,0801223;0,0230352;0,0052185;0,0004744;0,000738;0,0235623;0;0,0000527;0,0322598;0,0057983;0,082916;0,0024775;0,0285172;0;0,0599863;0,1088504;0,0017395;0;0;0,0002108;0;0,0001581;0;0,5105161
c;f;0;0;0;0;0;0;0;0;0;0;0;0;0;0;1;0;0;0;0;0;0;0;0;0;0;0;0
c;g;0;0;0;0;0;0;0;0;0;0;0;0;0;0;0;0;0;0;0;0;0;0;0;0;0;0;0
c;h;0,1661529;0,0001595;0,0003189;0,0011162;0,138195;0,0012756;0,0000532;0,0002126;0,0945572;0;0;0,0014351;0,0047305;0,0005847;0,0363559;0;0,0000532;0,0057404;0,0021792;0,0040395;0,0081322;0;0,0002658;0;0,0018603;0;0,5325821
c;i;0,0926104;0,0043186;0,0011196;0,0409469;0,4150672;0,0273512;0,0028791;0;0;0;0;0,0292706;0,0103967;0,0569418;0,0663788;0,0553423;0,0025592;0,0756558;0,0241523;0,0662188;0,0003199;0,0275112;0;0;0;0,0001599;0,0007997
c;j;0;0;0;0;0;0;0;0;0;0;0;0;0;0;0;0;0;0;0;0;0;0;0;0;0;0;0
c;k;0,0051803;0,0029886;0,0003985;0,0017932;0,1530185;0,000797;0,0021917;0,0027894;0,0388524;0;0,000797;0,0685395;0,0011955;0,0362622;0,0101614;0,0059773;0;0,0015939;0,1032078;0,0033871;0;0;0,0155409;0;0,0117553;0;0,5335724
c;l;0,2384829;0,000185;0;0,0007401;0,1850139;0;0;0;0,2062905;0;0;0;0;0;0,2741906;0;0;0;0;0;0,093987;0;0;0;0,0011101;0;0
c;m;0;0;0;0;0;0;0;0;0;0;0;0;0;0;0;0;0;0;0;0;0;0;0;0;0;0;0
c;n;0,5;0;0;0;0,25;0;0;0;0,25;0;0;0;0;0;0;0;0;0;0;0;0;0;0;0;0;0;0
c;o;0,0302314;0,0004113;0,00509;0,0004113;0,000874;0,0021594;0,0052956;0,0002571;0,0041131;0;0;0,0558355;0,2434961;0,2978406;0,0092031;0,0052442;0,0015938;0,0662211;0,0038046;0,0066838;0,2090488;0,0391774;0,0063239;0,0001542;0,0002571;0;0,0062725
c;p;1;0;0;0;0;0;0;0;0;0;0;0;0;0;0;0;0;0;0;0;0;0;0;0;0;0;0
c;q;0;0;0;0;0;0;0;0;0;0;0;0;0;0;0;0;0;0;0;0;1;0;0;0;0;0;0
c;r;0,1003361;0;0;0;0,3173308;0;0;0;0,2004321;0;0;0;0;0;0,2277964;0;0;0;0;0;0,1010562;0;0;0;0,0530485;0;0
c;s;0;0;0;0;0;0;0;0;0;0;0;0;0;0;0,0086207;0;0;0;0;0,0862069;0;0;0;0;0;0;0,9051724
c;t;0,0211471;0;0,0001995;0;0,1606983;0,000798;0;0;0,2731172;0;0;0,0436908;0,0000998;0,0014963;0,0232419;0;0;0,0073815;0,0880798;0,0001995;0,0775062;0,0000998;0;0;0,0001995;0;0,3020449
c;u;0,0002524;0,0032812;0,0103483;0,0040384;0,0116103;0,0015144;0;0;0,0095911;0;0;0,3008582;0,1077739;0,0085815;0,0060575;0,0504796;0;0,31474;0,09263;0,0739525;0;0,0035336;0;0;0,0005048;0;0,0002524
c;v;0;0;0;0;0;0;0;0;0;0;0;0;0;0;0;0;0;0;0;0;0;0;0;0;0;0;0
c;w;0;0;0;0;0;0;0;0;0;0;0;0;0;0;0;0;0;0;0;0;0;0;0;0;0;0;0
c;x;0;0;0;0;0;0;0;0;0;0;0;0;0;0;0;0;0;0;0;0;0;0;0;0;0;0;0
c;y;0,0021552;0;0,0344828;0;0;0;0,0021552;0,0021552;0,0150862;0;0;0,0474138;0,0021552;0,0172414;0,0064655;0,0043103;0;0,0021552;0,0086207;0,012931;0;0;0;0;0;0;0,8426724
c;z;1;0;0;0;0;0;0;0;0;0;0;0;0;0;0;0;0;0;0;0;0;0;0;0;0;0;0
c;S;0,1305125;0,1233611;0,0649583;0,0268176;0,0131108;0,0500596;0,0148987;0,023242;0,0697259;0,0029797;0,0023838;0,0238379;0,0244338;0,0166865;0,0530393;0,0667461;0,0059595;0,0476758;0,0721097;0,0375447;0,0023838;0,0208582;0,0482718;0;0,0035757;0,0005959;0,0542312
d;a;0;0,0042093;0,005011;0,0030066;0,0072159;0,0010022;0,0084185;0,0032071;0,0278613;0;0;0,0130287;0,0669473;0,1284827;0;0,0268591;0;0,2262979;0,0150331;0,0452997;0,0248547;0,0024053;0,0126278;0;0,3271197;0,0030066;0,0481058
d;b;0,1333333;0;0;0;0,1444444;0;0;0;0,2333333;0;0;0,0666667;0;0;0,0555556;0;0;0,0444444;0;0;0,0333333;0;0;0;0,2888889;0;0
d;c;0,0652174;0;0;0;0;0;0;0,1086957;0;0;0;0,2608696;0;0;0,173913;0;0;0,1521739;0;0;0,2391304;0;0;0;0;0;0
d;d;0,010395;0;0;0;0,5176715;0;0;0;0,1046431;0;0;0,1386001;0;0,004158;0,010395;0;0;0,0679141;0,015246;0;0,009702;0;0;0;0,03465;0;0,0866251
d;e;0,0650089;0,0029821;0,0234436;0,1179061;0,0382621;0,0151397;0,0246364;0,0000459;0,0032573;0,0002753;0;0,0430334;0,0113318;0,0973528;0,0048172;0,0298665;0,0005964;0,2056705;0,1137771;0,0167913;0,0016975;0,0188558;0,0033491;0,000734;0,0000918;0,000367;0,1607102
d;f;0,2231405;0;0;0;0,0661157;0;0;0;0;0;0;0,0082645;0;0;0,1322314;0;0;0,0413223;0;0;0,5289256;0;0;0;0;0;0
d;g;0,1229508;0;0;0,0286885;0,7131148;0;0;0;0,0614754;0;0;0;0,0543033;0;0,0040984;0;0;0,0020492;0;0;0,0030738;0;0,0020492;0;0;0;0,0081967
d;h;0,0555556;0;0;0;0,5;0;0;0;0,1111111;0;0;0;0;0;0,2698413;0;0;0;0;0;0,0634921;0;0;0;0;0;0
d;i;0,0729535;0,0047363;0,0212074;0,0933833;0,0497667;0,1360102;0,0121589;0,0001414;0,0000707;0;0,0001414;0,019935;0,0233281;0,17178;0,0065743;0,0013431;0;0,0383854;0,239361;0,0480701;0,0025449;0,054503;0,0001414;0,0005655;0;0,0007776;0,0021207
d;j;0,0322581;0;0;0;0,1129032;0;0;0;0;0;0;0;0;0;0,6129032;0;0;0;0;0;0,2258065;0;0;0;0;0;0,016129
d;k;0;0;0;0;0,9705882;0;0;0;0,0294118;0;0;0;0;0;0;0;0;0;0;0;0;0;0;0;0;0;0
d;l;0,0145543;0;0;0,0024257;0,3832626;0;0;0;0,0624621;0;0;0,0012129;0;0;0,03396;0;0;0;0;0;0;0;0;0;0,5015161;0;0,0006064
d;m;0,0445026;0;0;0;0;0;0;0;0,8586387;0;0;0;0;0;0,065445;0;0;0,0026178;0;0;0,0078534;0;0;0;0,0209424;0;0
d;n;0,0405904;0;0;0,0110701;0,4243542;0;0;0;0,1107011;0;0;0;0;0;0,0110701;0;0;0;0;0,3726937;0,001845;0;0;0;0,00369;0;0,0239852
d;o;0,0005658;0,0004243;0,0120226;0,0018388;0,0486563;0,0008487;0,0304102;0,0007072;0,0154173;0;0;0,0134371;0,075389;0,1326733;0,0891089;0,0045262;0;0,0281471;0,003819;0,0063649;0,1002829;0,0032532;0,1925035;0,0008487;0;0,0181047;0,2206506
d;p;0,0344828;0;0;0;0,4827586;0;0;0;0,3448276;0;0;0,0344828;0;0;0,0344828;0;0;0,0689655;0;0;0;0;0;0;0;0;0
d;q;0;0;0;0;0;0;0;0;0;0;0;0;0;0;0;0;0;0;0;0;1;0;0;0;0;0;0
d;r;0,1724246;0;0;0;0,4035804;0;0;0;0,1419598;0;0;0;0;0;0,1513819;0;0;0;0;0;0,0383166;0;0;0;0,0637563;0;0,0285804
d;s;0,0009151;0;0,0051245;0,000183;0,0009151;0,000183;0,000183;0,0153734;0,0054905;0,000183;0;0;0,0014641;0;0,0197657;0,000183;0;0;0,000183;0,0464861;0,0010981;0;0,000549;0;0,000183;0;0,9015373
d;t;0,006135;0;0;0;0,0552147;0;0;0,6748466;0,0490798;0;0;0;0;0;0,0306748;0;0;0,0245399;0,0245399;0;0,006135;0;0,0122699;0;0;0;0,1165644
d;u;0,1341923;0,0050283;0,3362665;0,0031427;0,0553111;0,0043997;0,0043997;0;0,0031427;0;0;0,0754243;0,012885;0,0229415;0,0065996;0,004714;0;0,2507857;0,0515399;0,0260842;0;0,0003143;0;0;0;0;0,0028284
d;v;0,6336032;0;0;0;0,2368421;0;0;0;0,1133603;0;0;0;0;0;0,0161943;0;0;0;0;0;0;0;0;0;0;0;0
d;w;0,2962963;0;0;0;0,4979424;0;0;0,0411523;0,0864198;0;0;0;0;0;0,0658436;0;0;0,0123457;0;0;0;0;0;0;0;0;0
d;x;0;0;0;0;0;0;0;0;0;0;0;0;0;0;0;0;0;0;0;0;0;0;0;0;0;0;0
d;y;0,0022043;0,0014695;0,0007348;0,0014695;0,0073475;0,0007348;0;0;0,0529023;0;0,0014695;0,0022043;0,0014695;0,0014695;0,0036738;0;0;0,0007348;0,0168993;0,0036738;0;0;0,0007348;0;0;0;0,9008082
d;z;0;0;0;0;0;0;0;0;0;0;0;0;0;0;0;0;0;0;0;0;0;0;0;0;0;0;0
d;S;0,1052083;0,0647777;0,0287055;0,0208949;0,017352;0,0430945;0,0132201;0,0665175;0,0741016;0,0033435;0,0032348;0,0196535;0,0386818;0,0339519;0,0530436;0,0211576;0,0017941;0,0185209;0,0605281;0,1682373;0,0124771;0,0055635;0,0552002;0;0,0108733;0,0002628;0,0596038
e;a;0,0000346;0,0036308;0,0691587;0,1002455;0,0004841;0,0052215;0,0084719;0,001072;0,0000692;0;0,0300149;0,042498;0,0211971;0,0470279;0,0001037;0,0096131;0;0,2614544;0,1146651;0,190221;0,010443;0,0516615;0,0011411;0;0,0000692;0,0000346;0,0314672
e;b;0,0663717;0,0899705;0;0,0014749;0,2035398;0,0029499;0;0;0,0132743;0;0;0,0825959;0;0;0,1120944;0;0;0,1917404;0,0176991;0,0545723;0,079646;0;0;0;0,039823;0;0,0442478
e;c;0,0629418;0,0000841;0,0017671;0,0008415;0,0877651;0;0;0,0130427;0,216173;0;0,0364355;0,0116964;0;0;0,1102322;0;0;0,0170818;0,0006732;0,3996971;0,0399697;0;0;0;0,0010098;0;0,000589
e;d;0,0013428;0,000179;0,0002909;0,0027975;0,0099143;0,0004476;0,0114585;0,0003357;0,0246179;0;0,0000224;0,0050802;0,0002014;0,0012309;0,002417;0,0000671;0,0000448;0,0013652;0,0137412;0,0007162;0,003827;0,0000448;0,0009847;0;0,0006938;0;0,9181792
e;e;0,0032145;0,0027383;0,0060123;0,1225073;0,0000595;0,0089291;0,0004167;0,0003572;0,0076195;0;0,0280969;0,0442288;0,0638728;0,2871599;0;0,0769093;0,0003572;0,0218465;0,0438121;0,0777427;0,0000595;0,0038098;0,0005953;0,0005357;0,0005953;0,0035716;0,1949521
e;f;0,0132246;0,0017633;0,0002204;0;0,0603923;0,1051356;0;0;0,057527;0;0;0,0540004;0;0;0,32797;0;0;0,013445;0,0204981;0,1300419;0,1115274;0;0;0;0,0039674;0;0,1002865
e;g;0,2061451;0;0;0,0007145;0,0939621;0;0,0689532;0,0021436;0,1414791;0;0;0,0189353;0,0060736;0,0046445;0,0621651;0;0;0,2011433;0,0936049;0;0,0703823;0;0;0;0,0071454;0;0,022508
e;h;0,0733262;0;0;0;0,3283741;0;0;0;0,2943677;0;0;0;0;0;0,2061637;0;0;0,0201913;0;0;0,063762;0;0;0;0;0;0,0138151
e;i;0,0023746;0;0,0001484;0,0016325;0,0004452;0,0008905;0,1326803;0;0;0,0001484;0,0034135;0,014396;0,0008905;0,205699;0;0,0002968;0;0,4520629;0,0084595;0,0945384;0;0,059068;0;0;0;0,0170674;0,0057881
e;j;0,2318841;0;0;0;0,3623188;0;0;0;0;0;0;0;0;0;0,3043478;0;0;0;0;0;0,1014493;0;0;0;0;0;0
e;k;0;0,0017212;0;0,0017212;0,1067126;0;0;0;0,0843373;0;0;0,0051635;0;0,0172117;0;0;0;0;0,2099828;0;0;0;0;0;0;0;0,5731497
e;l;0,0474155;0,0005552;0,0035534;0,0453056;0,0942202;0,0867248;0,0002776;0,0001666;0,1032147;0;0,0001666;0,2262506;0,0024985;0,0009439;0,035978;0,0104936;0;0,0002221;0,0333685;0,0343679;0,0046638;0,0195436;0,0003331;0;0,1580701;0,0002221;0,0914441
e;m;0,1589988;0,1073166;0,0001013;0,0070936;0,1971017;0,0001013;0;0,0001013;0,0500608;0;0;0,0005067;0,0065869;0,0110458;0,0539116;0,102655;0;0,0001013;0,0517835;0,000608;0,0036482;0;0,0002027;0;0,0083097;0;0,2397649
e;n;0,0099789;0,0006483;0,0860133;0,0792526;0,0733023;0,0005788;0,025121;0,0002547;0,0197958;0,0033572;0,0000463;0,0067144;0,0004631;0,0032183;0,0141928;0,0000695;0,0000695;0,0004399;0,0305851;0,2761455;0,0069922;0,0020143;0,0002084;0;0,000764;0,0005094;0,3592647
e;o;0,0011675;0;0,007589;0,0023351;0;0,0291886;0,0455342;0,0017513;0,0005838;0;0;0,1441915;0,0081728;0,1342674;0;0,1973147;0;0,1424402;0,0070053;0,0023351;0,1914769;0,0531232;0;0;0;0,0087566;0,0227671
e;p;0,1086268;0,0001863;0,0044718;0,0009316;0,1212968;0,0013043;0,0007453;0,0497485;0,0408049;0;0;0,104714;0,0001863;0,0001863;0,0555245;0,0093162;0;0,0620458;0,0350289;0,2090553;0,013229;0;0,0001863;0;0,0009316;0;0,1814794
e;q;0;0;0;0;0;0;0;0;0;0;0;0;0;0;0;0;0;0;0;0;1;0;0;0;0;0;0
e;r;0,0465432;0,002613;0,0110006;0,0057746;0,1891611;0,0135125;0,0058612;0,0069873;0,0557248;0,0001444;0,0012127;0,0070739;0,0136858;0,0213371;0,0081566;0,0041866;0,0000289;0,0143065;0,0788087;0,0305331;0,00205;0,0213082;0,0042154;0,0000144;0,0453161;0,0000144;0,4104289
e;s;0,0015095;0,0003178;0,0268789;0,0003178;0,092368;0,0001059;0;0,0136116;0,0219798;0,000053;0,0007415;0,0001854;0,0026746;0,0004502;0,0081828;0,0216885;0,0011387;0,0001324;0,1696679;0,1391081;0,0074149;0,0000265;0,0001059;0;0,0003443;0;0,4909962
e;t;0,0430603;0,0009378;0,0211785;0,0000781;0,064864;0,0013285;0;0,1208972;0,0911222;0;0,0001563;0,0135198;0,0002344;0,0014067;0,0261801;0,0001563;0;0,0244608;0,0251641;0,0797124;0,0610347;0;0,0605658;0;0,025086;0,0002344;0,3386214
e;u;0;0,001321;0,0396301;0,007926;0,001321;0;0,01321;0;0,002642;0;0;0,011889;0,0290621;0,007926;0;0,015852;0,0171731;0,6169089;0,0290621;0,1439894;0;0,01321;0,001321;0,005284;0;0;0,0422721
e;v;0,0328774;0;0;0,0011999;0,8286537;0;0;0;0,0988721;0;0;0,00012;0;0,0047996;0,0307175;0;0;0,00012;0;0;0,00024;0;0;0;0,00024;0;0,0021598
e;w;0,0455393;0,0005326;0,0018642;0,0090546;0,0447403;0,0007989;0;0,0479361;0,0604527;0;0;0,004261;0,0015979;0,0037284;0,0079893;0,0005326;0;0,0002663;0,0372836;0,0018642;0,0002663;0;0,0005326;0;0,0026631;0;0,7280959
e;x;0,07307;0;0,1964093;0,0003591;0,032316;0;0;0,0163375;0,0992819;0;0;0;0;0;0,0037702;0,2696589;0,0039497;0;0,0003591;0,2698384;0,013465;0;0;0;0;0;0,0211849
e;y;0,0017978;0,0011985;0,0011985;0,0026966;0,1638951;0,0004494;0;0,0028464;0,0050936;0;0;0,0020974;0,0007491;0;0,0316105;0,0008989;0;0,0172285;0,035206;0,0004494;0;0,0004494;0;0;0;0;0,7321348
e;z;0,0103093;0;0;0;0,5670103;0;0;0;0,0824742;0;0;0;0;0;0;0;0;0;0,0103093;0;0,0103093;0,0412371;0;0;0,0206186;0,0206186;0,2371134
e;S;0,0901498;0,0438328;0,0541927;0,0332587;0,0251207;0,0452998;0,025094;0,0510927;0,0545514;0,0036407;0,0050488;0,0299339;0,0452891;0,0237448;0,0681451;0,0358822;0,0026181;0,0268715;0,0903211;0,0980362;0,0086252;0,0113932;0,0644776;0;0,0103652;0,0004283;0,0525865
f;a;0,0001556;0,0068451;0,2479776;0,0062228;0,0004667;0;0,0014001;0,0003111;0,1292782;0;0;0,0917859;0,0656503;0,0430927;0;0;0;0,1683261;0,0637834;0,0931861;0,0175793;0,0362477;0,0012446;0,021313;0;0,0003111;0,0048227
f;b;0,0416667;0;0;0;0,0833333;0;0;0;0;0;0;0,0833333;0;0;0,2083333;0;0;0,0416667;0;0;0,5416667;0;0;0;0;0;0
f;c;0,09375;0;0;0;0,03125;0;0;0;0,0625;0;0;0,1875;0;0;0,53125;0;0;0,09375;0;0;0;0;0;0;0;0;0
f;d;0;0;0;0;0,6190476;0;0;0;0;0;0;0;0;0;0,1904762;0;0;0,0952381;0;0;0;0;0;0;0;0;0,0952381
f;e;0,0829409;0,0028896;0,1027397;0,0069563;0,1342038;0,000107;0,0004281;0,0004281;0,0038527;0;0;0,0951413;0,0159461;0,0197988;0,0003211;0;0;0,2511772;0,0406678;0,0202269;0,0004281;0,0070634;0,0813356;0,000107;0;0,000107;0,1331336
f;f;0,0150913;0,0007943;0,0005957;0,0001986;0,4297061;0,0001986;0;0,0001986;0,2051231;0;0;0,0140985;0,0001986;0,0007943;0,0383241;0;0;0,0073471;0,0462669;0;0,0093328;0;0;0;0,0005957;0;0,2311358
f;g;0;0;0;0;0;0;0;0;0;0;0;0;0;0;0;0;0;1;0;0;0;0;0;0;0;0;0
f;h;0,1;0;0;0;0,1;0;0;0;0,1;0;0;0;0;0;0,7;0;0;0;0;0;0;0;0;0;0;0;0
f;i;0,0031477;0,001816;0,1940678;0,0152542;0,1169492;0,0208232;0,0328087;0;0;0;0;0,0434625;0;0,2127119;0,0002421;0;0,0003632;0,2368039;0,0306295;0,0437046;0;0,0276029;0;0,0191283;0;0;0,0004843
f;j;0;0;0;0;0;0;0;0;0;0;0;0;0;0;0;0;0;0;0;0;0;0;0;0;0;0;0
f;k;0;0;0;0;0;0;0;0;0,5;0;0;0;0;0,5;0;0;0;0;0;0;0;0;0;0;0;0;0
f;l;0,1561103;0;0;0,0003726;0,2034277;0;0;0;0,1374814;0;0;0;0;0;0,3226528;0;0;0;0;0;0,0894188;0;0;0;0,0905365;0;0
f;m;0,25;0;0;0;0;0;0;0;0;0;0;0;0;0;0,5;0;0;0;0;0;0;0;0;0;0,25;0;0
f;n;0,2222222;0;0;0;0,6666667;0;0;0;0,1111111;0;0;0;0;0;0;0;0;0;0;0;0;0;0;0;0;0;0
f;o;0,0019288;0;0,0008358;0;0,0054005;0;0,0006429;0;0,0005143;0;0;0,0465475;0,0003215;0,0053362;0,0364536;0,0001929;0;0,7923364;0,0088723;0;0,0955381;0;0,0028289;0,0018002;0,0000643;0;0,0003858
f;p;0,4705882;0;0;0;0,1176471;0;0;0,0588235;0;0;0;0,0588235;0;0;0,1176471;0;0;0,1764706;0;0;0;0;0;0;0;0;0
f;q;0;0;0;0;0;0;0;0;0;0;0;0;0;0;0;0;0;0;0;0;1;0;0;0;0;0;0
f;r;0,0635532;0;0;0;0,1192826;0;0;0;0,0865431;0;0;0;0;0;0,7037795;0;0;0;0;0;0,0263601;0;0;0;0,0003611;0;0,0001204
f;s;0,0201005;0;0,0075377;0;0,0125628;0;0;0,0050251;0,0025126;0;0,0025126;0;0,0050251;0;0,0025126;0,2788945;0;0;0;0,0100503;0,0050251;0;0;0;0;0;0,6482412
f;t;0,0005811;0,0008716;0;0;0,5952934;0,0002905;0;0,0092969;0,0159791;0;0;0,0142359;0;0,0061011;0,0002905;0;0;0;0,0156886;0,0005811;0;0;0,0011621;0;0,0496804;0;0,2899477
f;u;0;0;0,0017794;0;0,0498221;0;0,0109727;0;0;0;0;0,6251483;0,0059312;0,0320285;0;0;0;0,1491696;0,0720641;0,0480427;0;0;0,0050415;0;0;0;0
f;v;0;0;0;0;1;0;0;0;0;0;0;0;0;0;0;0;0;0;0;0;0;0;0;0;0;0;0
f;w;0,65;0;0;0;0;0;0;0,05;0,25;0;0;0;0;0;0,05;0;0;0;0;0;0;0;0;0;0;0;0
f;x;0;0;0;0;0;0;0;0;0;0;0;0;0;0;0;0;0;0;0;0;0;0;0;0;0;0;0
f;y;0;0;0;0;0;0;0;0;0,2941176;0;0;0;0;0;0,0065359;0;0;0;0;0;0;0;0;0;0;0;0,6993464
f;z;0;0;0;0;0;0;0;0;0;0;0;0;0;0;0;0;0;0;0;0;0;0;0;0;0;0;0
f;S;0,104185;0,0241615;0,0391593;0,0240283;0,0231759;0,0268254;0,0212046;0,0613495;0,0431285;0,0038094;0,0032233;0,0278377;0,0457125;0,0184874;0,0270918;0,0241083;0,0012787;0,0175551;0,0622819;0,3182823;0,0056741;0,0090839;0,035563;0;0,0166227;0,0002664;0,0159035
g;a;0;0,0079498;0,0029289;0,0012552;0,001046;0;0,0140167;0;0,290795;0;0;0,0619247;0,0171548;0,1935146;0,0006276;0,0060669;0;0,1349372;0,0165272;0,1110879;0,0196653;0,0562762;0,0006276;0;0,0087866;0,032636;0,0221757
g;b;0,1935484;0;0;0;0,1290323;0;0;0;0,4193548;0;0;0,0322581;0;0;0,1612903;0;0;0;0;0;0,0645161;0;0;0;0;0;0
g;c;0,1666667;0;0;0;0;0;0;0,0952381;0;0;0;0;0;0;0,7142857;0;0;0;0;0;0,0238095;0;0;0;0;0;0
g;d;0,0123457;0;0;0;0,0246914;0;0;0;0,0061728;0;0;0;0;0;0,2283951;0;0;0,0246914;0;0;0;0;0;0;0;0;0,7037037
g;e;0,0037625;0,0000836;0;0,0822742;0,0020067;0,0007525;0,0000836;0,0004181;0,001087;0;0,0000836;0,0276756;0,0100334;0,1833612;0,0506689;0;0,0000836;0,1173077;0,0704849;0,1020903;0;0,0001672;0,0010033;0;0,0002508;0;0,3463211
g;f;0,2272727;0;0;0;0,1363636;0;0;0;0,3636364;0;0;0;0;0;0,0909091;0;0;0,0454545;0;0;0,1363636;0;0;0;0;0;0
g;g;0,0585366;0,0012195;0;0,0012195;0,3634146;0;0;0;0,0756098;0;0;0,245122;0;0;0,0195122;0;0;0,0292683;0,1560976;0;0;0;0;0;0,0146341;0;0,0353659
g;h;0,0023564;0,0141386;0,0001746;0,0002618;0,0328155;0,0001746;0;0,0001746;0,0059347;0;0;0,0151859;0,0001746;0,0003491;0,0134404;0,0000873;0;0,0001746;0,005062;0,6342294;0;0;0,0008728;0;0;0;0,2743934
g;i;0,052931;0,0098936;0,063814;0,0098936;0,0096463;0,0113777;0,010883;0;0;0;0;0,0155825;0,0113777;0,3220381;0,0657927;0,0046995;0,0002473;0,1130349;0,0259708;0,0212713;0,0009894;0,2423943;0;0;0;0,0027208;0,0054415
g;j;1;0;0;0;0;0;0;0;0;0;0;0;0;0;0;0;0;0;0;0;0;0;0;0;0;0;0
g;k;0;0;0;0;0,3333333;0;0;0;0;0;0;0;0;0,6666667;0;0;0;0;0;0;0;0;0;0;0;0;0
g;l;0,2314931;0;0;0,000941;0,3855082;0;0;0;0,1464868;0;0;0;0;0;0,1251568;0;0;0;0;0;0,0040778;0;0;0;0,1063363;0;0
g;m;0,2033195;0;0;0;0,7427386;0;0;0;0,0165975;0;0;0;0;0;0;0;0;0;0;0;0,0041494;0;0;0;0,0165975;0;0,0165975
g;n;0,1686047;0;0;0,0281008;0,1414729;0;0;0;0,2684109;0;0;0,000969;0,000969;0;0,1337209;0,001938;0;0,003876;0,0755814;0,000969;0,000969;0;0;0;0,0125969;0;0,1618217
g;o;0,0105946;0,0034595;0,0002162;0,1275676;0,0168649;0;0,0002162;0;0,0629189;0;0,0002162;0,04;0,0008649;0,1104865;0,2036757;0;0;0,035027;0,0157838;0,076973;0,0352432;0,0343784;0,0038919;0;0;0;0,2216216
g;p;0,0888889;0;0;0;0,0444444;0;0;0;0,1555556;0;0;0,6444444;0;0;0,0666667;0;0;0;0;0;0;0;0;0;0;0;0
g;q;0;0;0;0;0;0;0;0;0;0;0;0;0;0;0;0;0;0;0;0;0;0;0;0;0;0;0
g;r;0,2708041;0;0;0;0,4326142;0;0;0;0,0435696;0;0;0;0;0;0,2277949;0;0;0;0;0,004483;0,0067246;0;0;0;0,0140095;0;0
g;s;0;0;0,0009492;0,0004746;0;0;0,0004746;0,0066445;0,0042715;0;0;0;0;0;0,0028477;0;0;0;0;0,0593261;0,0009492;0;0,0004746;0;0,0004746;0;0,9231134
g;t;0,0059524;0;0;0;0;0;0;0,8650794;0,0079365;0;0;0;0;0;0,1130952;0;0;0,0039683;0,0019841;0;0;0;0,0019841;0;0;0;0
g;u;0,1648936;0,0004836;0,0004836;0,0024178;0,2277563;0,0004836;0;0;0,2190522;0;0;0,1610251;0,0304642;0,0556093;0,0033849;0;0;0,0715667;0,0551257;0,0062863;0;0;0;0;0,0009671;0;0
g;v;0;0;0;0;0,6666667;0;0;0;0;0;0;0;0;0;0,3333333;0;0;0;0;0;0;0;0;0;0;0;0
g;w;0,5357143;0;0;0;0,0357143;0;0;0,1071429;0,2142857;0;0;0;0;0;0,1071429;0;0;0;0;0;0;0;0;0;0;0;0
g;x;0;0;0;0;0;0;0;0;0;0;0;0;0;0;0;0;0;0;0;0;0;0;0;0;0;0;0
g;y;0;0;0;0;0;0;0;0;0;0;0;0,0037879;0,094697;0;0,0037879;0,1022727;0;0,0075758;0;0,0227273;0;0;0;0;0;0;0,7651515
g;z;1;0;0;0;0;0;0;0;0;0;0;0;0;0;0;0;0;0;0;0;0;0;0;0;0;0;0
g;S;0,1299268;0,0414831;0,0294557;0,0221397;0,0174283;0,0455816;0,0110315;0,062014;0,0672617;0,0026813;0,0032941;0,0205692;0,0386869;0,0142874;0,0730072;0,0211055;0,0018769;0,0158195;0,0555407;0,1996016;0,0169303;0,0065883;0,0484927;0;0,0077757;0,0001149;0,0473053
h;a;0,0000505;0,0242548;0,0005553;0,1463618;0,001691;0,0012367;0,0011358;0,0001262;0,013831;0;0,0038363;0,0504026;0,0090104;0,1054996;0,0008834;0,0339719;0,0000757;0,0536332;0,0522198;0,3291184;0,0036344;0,1577194;0,0053002;0;0,0009086;0,0021201;0,002423
h;b;0,0206186;0;0;0;0,0309278;0;0;0;0;0;0;0,0103093;0;0;0,8195876;0;0;0,0309278;0;0;0,0154639;0;0;0;0,0721649;0;0
h;c;0;0;0;0;0,0019493;0;0;0,0038986;0;0;0;0,9337232;0;0;0,0038986;0;0;0,0565302;0;0;0;0;0;0;0;0;0
h;d;0,0307692;0;0;0;0,0461538;0;0;0;0,0076923;0;0;0;0;0;0,0153846;0;0;0,4307692;0;0;0;0;0;0;0;0;0,4692308
h;e;0,0355628;0,0001215;0,0008936;0,0195469;0,0077303;0,0000434;0,0000087;0,0000087;0,0284919;0;0;0,0105586;0,0204406;0,0474315;0,0015443;0,0001735;0,0000174;0,1612167;0,0288302;0,0036352;0,0001215;0,0001475;0,0007722;0,0001562;0,0350249;0,0000087;0,5975135
h;f;0,0086207;0;0;0;0,0258621;0;0;0;0,0258621;0;0;0,0172414;0;0;0,0258621;0;0;0;0;0;0,8965517;0;0;0;0;0;0
h;g;0;0;0;0;0,1111111;0;0;0;0,1111111;0;0;0;0;0;0;0;0;0,6666667;0;0;0,1111111;0;0;0;0;0;0
h;h;0;0;0;0;0,5;0;0;0;0;0;0;0;0;0;0,3888889;0;0;0;0;0;0,1111111;0;0;0;0;0;0
h;i;0,0029929;0,0012736;0,1629203;0,0087876;0,014837;0,0006049;0,0279228;0;0;0;0;0,0639964;0,125;0,1454407;0,0028974;0,0157603;0;0,0301834;0,3725802;0,0214913;0,0000637;0,002579;0;0;0;0,0000637;0,0006049
h;j;0;0;0;0;0;0;0;0;0;0;0;0;0;0;0;0;0;0;0;0;0;0;0;0;0;0;0
h;k;0;0;0;0;0;0;0;0;1;0;0;0;0;0;0;0;0;0;0;0;0;0;0;0;0;0;0
h;l;0,0027933;0;0;0;0,226257;0;0;0;0,0586592;0;0;0,0027933;0;0;0,0223464;0;0;0;0;0;0;0;0;0;0,6787709;0;0,0083799
h;m;0,293578;0;0;0;0,6422018;0;0;0;0,0152905;0;0;0;0;0;0,0061162;0;0;0,0030581;0,0030581;0;0,0152905;0;0;0;0;0;0,0214067
h;n;0,0030864;0;0;0,0061728;0,1512346;0;0;0,0030864;0,0092593;0;0;0,0030864;0;0;0,0123457;0;0;0;0,0679012;0;0;0;0,0030864;0;0,0030864;0;0,7376543
h;o;0,0027327;0,0006832;0,0050669;0,0040421;0,0029604;0,0002847;0,0006832;0;0,0044976;0;0,0015371;0,0729291;0,0476516;0,0166809;0,03154;0,0262454;0;0,1140336;0,0884145;0,0140621;0,3454597;0,0042699;0,1278679;0;0,0000569;0,0000569;0,0882437
h;p;0;0;0;0;0;0;0;0;0,0909091;0;0;0,9090909;0;0;0;0;0;0;0;0;0;0;0;0;0;0;0
h;q;0;0;0;0;0;0;0;0;0;0;0;0;0;0;0;0;0;0;0;0;1;0;0;0;0;0;0
h;r;0,0190606;0;0;0;0,3117767;0;0;0;0,0980259;0;0;0;0;0;0,5146358;0;0;0;0;0;0,0507148;0;0;0;0,0054459;0;0,0003404
h;s;0,0108499;0;0;0;0,0072333;0;0;0,005425;0,005425;0;0,0036166;0;0;0;0,0180832;0,0036166;0;0;0,0018083;0,119349;0;0;0;0;0;0;0,8245931
h;t;0,0013417;0,0001342;0,0006709;0,0002683;0,0731249;0,0131491;0,0004025;0,0068429;0,0162351;0;0;0,0254931;0,0018784;0,0093922;0,0048303;0,0001342;0;0,0016101;0,0519254;0,0016101;0;0;0,0006709;0;0,0309942;0;0,7592916
h;u;0,0063694;0,0072793;0,0036397;0,0169851;0,0057628;0,0036397;0,0454959;0,0009099;0,0003033;0;0;0,0009099;0,132848;0,2129208;0;0,0003033;0;0,1589324;0,3433424;0,0552017;0;0;0;0,0015165;0;0,0024264;0,0012132
h;v;0;0;0;0;0;0;0;0;0;0;0;0;0;0;0;0;0;0;0;0;0;0;0;0;0;0;0
h;w;0,7093023;0;0;0;0,0930233;0;0;0,0193798;0,1085271;0;0;0;0;0;0,0658915;0;0;0,003876;0;0;0;0;0;0;0;0;0
h;x;0;0;0;0;0;0;0;0;0;0;0;0;0;0;0;0;0;0;0;0;0;0;0;0;0;0;0
h;y;0,0110314;0,1003861;0;0,0165472;0,0027579;0;0,0011031;0;0;0;0;0,003861;0,0176503;0,019305;0;0,0209597;0;0,0071704;0,0827358;0,0099283;0;0;0,0005516;0;0;0;0,7060121
h;z;0;0;0;0;0;0;0;0;0;0;0;0;0;0;0;0;0;0;0;0;0;0;0;0;0;0;0
h;S;0,144377;0,0266493;0,0314596;0,0200133;0,020856;0,0328289;0,016116;0,0749271;0,0754538;0,0039676;0,0023524;0,0188547;0,0445209;0,0171693;0,0678347;0,0217689;0,001264;0,0202942;0,0611285;0,1665321;0,008848;0,0067413;0,0568449;0;0,0130613;0,0002458;0,0458902
i;a;0,0002109;0,0658089;0,0063278;0,0048513;0,0069606;0;0,0421852;0,0037967;0,0006328;0;0;0,1951065;0,0181396;0,2577515;0;0,0046404;0;0,0881671;0,0092807;0,1837165;0;0;0;0;0;0;0,1124235
i;b;0,0157922;0,0076414;0;0,0040754;0,2643912;0;0;0;0,0585838;0;0;0,4671421;0,0005094;0;0,0005094;0;0;0,0509424;0,0081508;0;0,1100357;0;0;0;0,0025471;0;0,0096791
i;c;0,1649059;0,0000724;0;0,0005065;0,1245297;0,0000724;0;0,3616498;0,0456585;0;0,0818379;0,0078148;0;0,0000724;0,0029667;0,0000724;0;0,0021708;0,0065123;0,0492764;0,0465991;0;0;0;0,001013;0;0,1042692
i;d;0,0131796;0,0002907;0,0000969;0,0247117;0,3961624;0,0001938;0,0138579;0,0001938;0,0271344;0,0000969;0;0,0183157;0;0,010563;0,0071712;0,0000969;0;0,0001938;0,0350809;0,0031011;0,0316891;0,0000969;0,0002907;0;0,0016474;0;0,4158349
i;e;0;0,0004397;0,0142166;0,1692804;0,0000733;0,0394988;0,0007328;0;0;0;0,0039572;0,0335629;0,0011725;0,1047193;0;0;0;0,0579657;0,3025795;0,0685915;0,0238165;0,0545948;0,0348087;0;0;0,0002198;0,0897699
i;f;0,0002595;0,0001298;0;0;0,1663639;0,2745912;0;0;0,143265;0;0;0,0171295;0;0;0,0111601;0;0;0;0;0,0626784;0,0298469;0;0;0;0,0129769;0;0,2815988
i;g;0,0208238;0;0;0,0002288;0,0391304;0;0,0074371;0,7255149;0,0465675;0;0;0,0001144;0,0052632;0,0874142;0,0118993;0;0;0,0194508;0,0048055;0,0003432;0,0215103;0;0,0014874;0;0,0003432;0,0012586;0,0064073
i;h;0;0;0;0;0;0;0;0;0,6818182;0;0;0;0;0;0,3181818;0;0;0;0;0;0;0;0;0;0;0;0
i;i;0;0;0,0072993;0;0;0;0;0;0,2627737;0;0;0;0;0;0;0;0;0;0;0;0;0;0;0;0;0;0,729927
i;j;1;0;0;0;0;0;0;0;0;0;0;0;0;0;0;0;0;0;0;0;0;0;0;0;0;0;0
i;k;0,0014451;0;0;0,0004817;0,9022158;0;0;0;0,0635838;0;0,0009634;0;0;0,0009634;0,0187861;0;0;0;0,0009634;0;0;0;0;0;0;0;0,0105973
i;l;0,0304205;0,000468;0,0007354;0,0790265;0,1727619;0,0024738;0,0006017;0,0003343;0,0807649;0;0,0053487;0,4186;0,0006017;0,0004011;0,016982;0,0002674;0;0,0000669;0,0262085;0,0131711;0,0035435;0,0036103;0,0002006;0;0,054289;0;0,0891222
i;m;0,138787;0,0236288;0;0,0009383;0,2229805;0,0001706;0;0,0004265;0,0448691;0;0;0,0033268;0,0429071;0,002815;0,0072507;0,1291478;0;0,000853;0,0438454;0,0011942;0,0061418;0;0,0002559;0;0,000853;0;0,3296085
i;n;0,0176456;0,0002959;0,0361922;0,0592175;0,0608852;0,0097239;0,3463075;0,0093204;0,0136107;0,0016543;0,0142563;0,0059177;0,0007128;0,0061195;0,0021115;0,0000269;0,0020443;0,0002959;0,039447;0,0698291;0,0120372;0,0044383;0,000807;0,0000672;0,0017753;0;0,2852609
i;o;0;0,0001415;0,0007076;0,0324772;0,0000708;0;0,0009906;0;0;0;0;0,0104012;0,0003538;0,8003255;0;0,0004245;0;0,0225005;0,0038916;0,0043869;0,1133517;0;0;0;0;0;0,0099767
i;p;0,0691011;0,0011236;0,0005618;0,0011236;0,1938202;0;0;0,005618;0,0432584;0;0,0011236;0,1219101;0,0011236;0;0,0258427;0,0926966;0;0,0140449;0,1421348;0,052809;0,005618;0;0,005618;0;0;0;0,2224719
i;q;0;0;0;0;0;0;0;0;0;0;0;0;0;0;0;0;0;0;0;0;1;0;0;0;0;0;0
i;r;0,0198809;0,0007244;0,0383934;0,0607695;0,1814231;0,0111075;0,0020122;0,000322;0,041774;0;0,0021732;0,0407276;0,0180296;0,0012073;0,0086124;0,0006439;0,0000805;0,0233419;0,1243561;0,0255151;0,0004024;0;0,0008049;0;0,0073245;0;0,3903735
i;s;0,0151787;0,0003954;0,0203194;0,0043802;0,0679544;0,004654;0,0027376;0,0733384;0,0270418;0,0002129;0,0017034;0,0267376;0,0065703;0,00073;0,0107681;0,0154829;0,0001217;0,0009734;0,0374449;0,1201521;0,0024335;0;0,0000608;0;0,0004867;0;0,5601217
i;t;0,0305685;0,0000294;0,0079066;0,0000294;0,0745988;0,0006172;0,0000294;0,2831403;0,0572865;0;0;0,0019693;0,0000294;0,0027335;0,007113;0,0000294;0,0000294;0,0015578;0,0783023;0,0665452;0,0201046;0;0,0000882;0;0,0566104;0,0020869;0,3085944
i;u;0;0;0,0050251;0;0;0;0;0;0;0;0;0;0,7085427;0;0;0;0;0,0351759;0,2512563;0;0;0;0;0;0;0;0
i;v;0,0470571;0;0;0,0062743;0,7113833;0;0;0;0,2018225;0;0;0;0;0,0058261;0,0174783;0;0;0,0001494;0,0004482;0;0,0038841;0;0;0;0,0010457;0;0,004631
i;w;0,1666667;0;0;0;0,1666667;0;0;0,1666667;0,1666667;0;0;0;0;0;0,3333333;0;0;0;0;0;0;0;0;0;0;0;0
i;x;0,0018727;0;0;0,0074906;0,2228464;0;0;0;0,0243446;0;0;0;0;0;0,0037453;0,0018727;0;0;0,0018727;0,2640449;0;0;0;0;0;0;0,4719101
i;y;0;0;0;0;0;0;0;0;0;0;0;0;0;0;0;0;0;0;0;0;0;0;0;0;0;0;0
i;z;0,1713974;0;0,0251092;0,0065502;0,628821;0;0;0,0021834;0,0272926;0;0;0,0021834;0;0;0,0851528;0;0;0;0;0;0;0;0;0;0;0,0305677;0,0207424
i;S;0,0826193;0,0304584;0,085809;0,0646069;0,0158234;0,039965;0,0133217;0,1304647;0,0118206;0,0013759;0,0202639;0,0274564;0,0402777;0,0175746;0,0147601;0,0240791;0,0013134;0,0345237;0,1293389;0,0592908;0,0052536;0,0026893;0,1320908;0;0,0016887;0;0,013134
j;a;0;0,0144628;0,0578512;0,0103306;0;0;0,035124;0;0,0072314;0,0041322;0;0,0030992;0,0258264;0,7252066;0,0010331;0,0030992;0;0,0216942;0,0051653;0;0,0010331;0,0103306;0,071281;0;0,0020661;0;0,0010331
j;b;0;0;0;0;0;0;0;0;0;0;0;0;0;0;0;0;0;0;0;0;0;0;0;0;0;0;0
j;c;0;0;0;0;0;0;0;0;0;0;0;0;0;0;0;0;0;0;0;0;0;0;0;0;0;0;0
j;d;0;0;0;0;0;0;0;0;0;0;0;0;0;0;0;0;0;0;0;0;0;0;0;0;0;0;0
j;e;0,0707763;0;0,7271689;0;0;0;0;0,0034247;0;0;0;0,0114155;0,0468037;0,0022831;0,0045662;0;0;0,0205479;0,0547945;0,0159817;0,0011416;0;0,0216895;0;0;0;0,0194064
j;f;0;0;0;0;0;0;0;0;0;0;0;0;0;0;0;0;0;0;0;0;0;0;0;0;0;0;0
j;g;0;0;0;0;0;0;0;0;0;0;0;0;0;0;0;0;0;0;0;0;0;0;0;0;0;0;0
j;h;0;0;0;0;0;0;0;0;0;0;0;0;0;0;0;0;0;0;0;0;0;0;0;0;0;0;0
j;i;0;0;0;0;0;0;0;0;0;0;0;0;0;0,5;0;0;0;0;0;0;0;0;0;0;0;0;0,5
j;j;0;0;0;0;0;0;0;0;0;0;0;0;0;0;0;0;0;0;0;0;0;0;0;0;0;0;0
j;k;0;0;0;0;0;0;0;0;0;0;0;0;0;0;0;0;0;0;0;0;0;0;0;0;0;0;0
j;l;0;0;0;0;0;0;0;0;0;0;0;0;0;0;0;0;0;0;0;0;0;0;0;0;0;0;0
j;m;0;0;0;0;0;0;0;0;0;0;0;0;0;0;0;0;0;0;0;0;0;0;0;0;0;0;0
j;n;0;0;0;0;0;0;0;0;0;0;0;0;0;0;0;0;0;0;0;0;0;0;0;0;0;0;0
j;o;0,000823;0,0049383;0,0032922;0;0,000823;0;0;0,2164609;0,1670782;0;0,0123457;0,0057613;0;0,0041152;0;0;0;0,0246914;0,1251029;0;0,1316872;0,0156379;0;0;0,2864198;0;0,000823
j;p;0;0;0;0;0;0;0;0;0;0;0;0;0;0;0;0;0;0;0;0;0;0;0;0;0;0;0
j;q;0;0;0;0;0;0;0;0;0;0;0;0;0;0;0;0;0;0;0;0;0;0;0;0;0;0;0
j;r;0;0;0;0;0;0;0;0;0;0;0;0;0;0;0;0;0;0;0;0;0;0;0;0;0;0;0
j;s;0;0;0;0;0;0;0;0;0;0;0;0;0;0;0;0;0;0;0;0;0;0;0;0;0;0;0
j;t;0;0;0;0;0;0;0;0;0;0;0;0;0;0;0;0;0;0;0;0;0;0;0;0;0;0;0
j;u;0,005277;0,0039578;0,0006596;0,164248;0,0026385;0;0,0105541;0;0,005277;0;0;0,0224274;0,0237467;0,2664908;0;0,0006596;0;0,0725594;0,4175462;0,0032982;0;0,0006596;0;0;0;0;0
j;v;0;0;0;0;0;0;0;0;0;0;0;0;0;0;0;0;0;0;0;0;0;0;0;0;0;0;0
j;w;0;0;0;0;0;0;0;0;0;0;0;0;0;0;0;0;0;0;0;0;0;0;0;0;0;0;0
j;x;0;0;0;0;0;0;0;0;0;0;0;0;0;0;0;0;0;0;0;0;0;0;0;0;0;0;0
j;y;0;0;0;0;0;0;0;0;0;0;0;0;0;0;0;0;0;0;0;0;0;0;0;0;0;0;1
j;z;0;0;0;0;0;0;0;0;0;0;0;0;0;0;0;0;0;0;0;0;0;0;0;0;0;0;0
j;S;0;0,0588235;0,1176471;0,0588235;0;0;0;0,2352941;0;0;0;0,0588235;0,1764706;0,0588235;0;0;0;0,1176471;0,0588235;0;0;0;0,0588235;0;0;0;0
k;a;0;0,5632184;0;0,0942529;0;0;0,0229885;0;0;0,0045977;0;0,1747126;0,0045977;0,0413793;0;0;0;0,016092;0,0091954;0,0321839;0,0091954;0,0022989;0;0,0045977;0;0;0,0206897
k;b;0,0333333;0;0;0;0,3;0;0;0;0,1;0;0;0,1666667;0;0;0,3666667;0;0;0,0333333;0;0;0;0;0;0;0;0;0
k;c;0,3076923;0;0;0;0;0;0;0;0;0;0;0,1538462;0;0;0,4615385;0;0;0;0;0;0,0769231;0;0;0;0;0;0
k;d;0,0454545;0;0;0;0;0;0;0;0;0;0;0;0;0;0,0227273;0;0;0,0227273;0;0;0;0;0;0;0;0;0,9090909
k;e;0,0012884;0,0002342;0;0,2661045;0,0501288;0,0008199;0,0007027;0,0001171;0,0004685;0;0,0001171;0,0178028;0;0,1007262;0,0001171;0,026587;0;0,0484891;0,0347857;0,0279925;0;0;0,0137034;0;0,0128836;0;0,3969314
k;f;0,8037383;0;0;0;0,0186916;0;0;0;0,0093458;0;0;0;0;0;0,0186916;0;0;0;0;0;0,1495327;0;0;0;0;0;0
k;g;0;0;0;0;0;0;0;0;0;0;0;0;0;0;0,0833333;0;0;0,75;0;0;0,1666667;0;0;0;0;0;0
k;h;0,4;0;0;0;0,35;0;0;0;0,05;0;0;0;0;0;0,2;0;0;0;0;0;0;0;0;0;0;0;0
k;i;0;0;0,0086722;0,0038876;0,0116627;0,0005981;0;0;0,000299;0;0;0,1151316;0,0011962;0,7682416;0;0,0023923;0;0,0149522;0,0379785;0,0334928;0;0,000299;0;0;0;0;0,0011962
k;j;0;0;0;0;0;0;0;0;0;0;0;0;0;0;0;0;0;0;0;0;0;0;0;0;0;0;0
k;k;0;0;0;0;0,125;0;0;0;0,75;0;0;0;0;0,125;0;0;0;0;0;0;0;0;0;0;0;0;0
k;l;0,0857741;0;0;0,0083682;0,3389121;0;0;0;0,0732218;0;0;0;0;0;0;0;0;0,0230126;0;0;0;0;0;0;0,4707113;0;0
k;m;0,56;0;0;0;0,32;0;0;0;0;0;0;0;0;0;0,04;0;0;0;0;0;0,04;0;0;0;0,04;0;0
k;n;0,0050096;0;0;0,0034682;0,2947977;0;0;0;0,0732177;0;0;0;0;0;0,6157996;0;0;0;0,0003854;0;0,0023121;0;0;0;0;0;0,0050096
k;o;0;0;0;0;0;0,4383562;0;0;0;0;0;0,1232877;0;0,0924658;0,0958904;0,0068493;0;0,0171233;0;0,0239726;0,0273973;0;0;0;0;0,1678082;0,0068493
k;p;0,0645161;0;0;0;0;0;0;0;0,9032258;0;0;0,0322581;0;0;0;0;0;0;0;0;0;0;0;0;0;0;0
k;q;0;0;0;0;0;0;0;0;0;0;0;0;0;0;0;0;0;0;0;0;0;0;0;0;0;0;0
k;r;0,1818182;0;0;0;0,0909091;0;0;0;0;0;0;0;0;0;0,5454545;0;0;0;0;0;0,1818182;0;0;0;0;0;0
k;s;0,0006341;0;0;0;0,0006341;0;0,0019023;0,005707;0,0012682;0;0;0;0,0076094;0;0,0133164;0;0;0;0;0,0101458;0;0;0,0006341;0;0;0;0,9581484
k;t;0,0169492;0;0;0;0;0;0;0,0677966;0;0;0;0;0;0;0,0169492;0;0;0,0169492;0;0;0;0;0;0;0;0;0,8813559
k;u;0;0;0;0;0;0;0;0;0;0;0;0,961039;0;0,025974;0;0;0;0,012987;0;0;0;0;0;0;0;0;0
k;v;0;0;0;0;0;0;0;0;0;0;0;0;0;0;0;0;0;0;0;0;0;0;0;0;0;0;0
k;w;0,6603774;0;0;0;0,0188679;0;0;0,0283019;0;0;0;0;0;0;0,2924528;0;0;0;0;0;0;0;0;0;0;0;0
k;x;0;0;0;0;0;0;0;0;0;0;0;0;0;0;0;0;0;0;0;0;0;0;0;0;0;0;0
k;y;0,0224215;0,0044843;0,0089686;0;0,0044843;0;0;0;0,0089686;0;0;0,0313901;0;0;0;0;0;0;0,0044843;0,0044843;0;0;0,0044843;0;0;0;0,9058296
k;z;0;0;0;0;0;0;0;0;0;0;0;0;0;0;0;0;0;0;0;0;0;0;0;0;0;0;0
k;S;0,1535356;0,0395885;0,0223987;0,0164084;0,0148457;0,0335981;0,0096367;0,0589921;0,0786561;0,0022138;0,001172;0,014455;0,0378956;0,0154968;0,1024873;0,0145852;0,0007814;0,0111994;0,0432348;0,1402526;0,015627;0,0037765;0,0682381;0,0001302;0,0160177;0;0,0847767
l;a;0;0,0130059;0,1020646;0,0365683;0,0030911;0;0,0288114;0,0025079;0,0740114;0;0,0053657;0,0002333;0,0209378;0,2168436;0,0006999;0,0120728;0;0,1112213;0,0833431;0,139741;0,0192465;0,0122478;0,0186632;0,001983;0,0738365;0,0058323;0,0176718
l;b;0,1182796;0;0;0;0,2795699;0;0;0;0,172043;0;0;0,0430108;0;0;0,1505376;0;0;0,0967742;0;0;0,1290323;0;0;0;0;0;0,0107527
l;c;0,4057971;0;0;0;0,0144928;0;0;0,0608696;0,0231884;0;0,0028986;0,0202899;0;0;0,3449275;0;0;0,0028986;0;0;0,1188406;0;0;0;0,0057971;0;0
l;d;0,0092239;0,0008869;0,0003548;0,0001774;0,061286;0,0010643;0,0000887;0,0020399;0,0243016;0;0;0,0054102;0,0003548;0,0131264;0,0109978;0,0001774;0;0,0149002;0,0220843;0,0022173;0,0000887;0,0000887;0,0029268;0;0,0002661;0;0,8279379
l;e;0,1029733;0,0023614;0,0348492;0,0998605;0,0151347;0,0219686;0,0119146;0,0023257;0,001467;0;0;0,0050091;0,0152778;0,0575691;0,0016459;0,0062256;0,0000358;0,0234713;0,1319546;0,0433647;0,0006083;0,013954;0,0032202;0,0052238;0,0146696;0,0000358;0,3848796
l;f;0,0274336;0,0044248;0,0123894;0,0084071;0,0110619;0,010177;0,000885;0,0039823;0,0513274;0;0,000885;0,0066372;0,0013274;0,0013274;0,0026549;0,0070796;0,0004425;0,009292;0,0088496;0,0035398;0,0115044;0,0004425;0,0057522;0;0,0004425;0;0,8097345
l;g;0,3819095;0;0;0,0050251;0,3015075;0;0;0;0,0603015;0;0;0,0100503;0;0;0,0150754;0;0;0,1708543;0;0;0,0552764;0;0;0;0;0;0
l;h;0,2692308;0;0;0;0,1923077;0;0;0;0;0;0;0;0;0;0,4615385;0;0;0;0;0;0,0769231;0;0;0;0;0;0
l;i;0,0392892;0,0105449;0,0324912;0,0125254;0,1035756;0,0879456;0,0863933;0,0002676;0,0000535;0;0,0971523;0,0018735;0,0399315;0,1722514;0,0148806;0,0164865;0,0016058;0,0014452;0,0636977;0,1405631;0,0004282;0,0586126;0;0,0003747;0;0,0157371;0,0018735
l;j;0;0;0;0;0;0;0;0;0;0;0;0;0;0;0,5;0;0;0;0;0;0,5;0;0;0;0;0;0
l;k;0,0011038;0,0011038;0;0,00883;0,1942605;0;0;0,0011038;0,1578366;0;0;0,0309051;0,0011038;0,0353201;0;0;0;0;0,0706402;0,0066225;0;0;0,0033113;0;0,0187638;0;0,4690949
l;l;0,0336076;0,0011378;0,0017504;0,0063014;0,117889;0,0012253;0,0010502;0,0003063;0,0500613;0,0000438;0,0013566;0,0005251;0,0018379;0,0037633;0,0637143;0,0007877;0;0,0005251;0,0373271;0,001094;0,009102;0,0000438;0,0003501;0;0,1124628;0;0,5537371
l;m;0,0471092;0;0;0,0085653;0,0824411;0;0;0;0,0695931;0;0;0,0192719;0;0,003212;0,6049251;0;0;0,0010707;0,0278373;0,003212;0,0010707;0;0;0;0,0053533;0;0,1263383
l;n;0,0304878;0;0;0;0,6158537;0;0;0;0,0121951;0;0;0;0;0;0,0243902;0;0;0;0,0060976;0,0121951;0,0365854;0;0;0;0;0;0,2621951
l;o;0,0160723;0,0043768;0,0351582;0,0065294;0,0052379;0,0077492;0,0457057;0;0,002296;0;0;0,0005023;0,001435;0,1838272;0,136543;0,0217407;0,0023678;0,0456339;0,1034656;0,023965;0,075339;0,0495085;0,2169764;0;0,0104757;0,0006458;0,0044486
l;p;0,1387435;0;0;0,0052356;0,091623;0;0;0,1282723;0,1727749;0;0;0,0366492;0,0052356;0;0,0235602;0;0;0,0157068;0,0104712;0,0183246;0;0;0;0;0,013089;0;0,3403141
l;q;0;0;0;0;0;0;0;0;0;0;0;0;0;0;0;0;0;0;0;0;1;0;0;0;0;0;0
l;r;0,0064309;0;0;0;0,7620579;0;0;0;0,0096463;0;0;0;0;0;0,1800643;0;0;0;0;0;0,0128617;0;0;0;0,0289389;0;0
l;s;0,000773;0;0,0005153;0,0002577;0,0873486;0;0;0,0051533;0,0152023;0;0,0005153;0,0002577;0,0010307;0;0,1164648;0,000773;0;0;0,0002577;0,0316929;0,0002577;0;0,0002577;0;0,0002577;0;0,7389848
l;t;0,0403808;0;0,0003283;0;0,1250821;0;0;0,1408404;0,1365726;0;0;0,0052528;0;0;0,0173999;0,0016415;0;0,0134603;0,0410374;0,0003283;0,0242942;0;0,0042679;0;0,0840446;0,0006566;0,3644123
l;u;0,0135468;0,0127258;0,046798;0,1457307;0,1403941;0,000821;0,0164204;0;0,0197044;0;0,000821;0,0090312;0,1116585;0,0977011;0,0082102;0,0012315;0;0,0439245;0,1617406;0,1309524;0;0,0090312;0;0,0287356;0;0,0004105;0,0004105
l;v;0,034188;0;0;0,0327635;0,8276353;0;0;0;0,0968661;0;0;0;0;0;0;0;0;0;0,002849;0;0,0042735;0;0;0;0;0;0,0014245
l;w;0,9563218;0;0;0;0,0068966;0;0;0,0022989;0,0275862;0;0;0;0;0;0,0068966;0;0;0;0;0;0;0;0;0;0;0;0
l;x;0;0;0;0;0;0;0;0;0;0;0;0;0;0;0;0;0;0;0;0;0;0;0;0;0;0;0
l;y;0,0015304;0,0010406;0,0012243;0,0014691;0,0033056;0,0006734;0,0002449;0,0004285;0,0122429;0,0000612;0;0,0007346;0,0018976;0,0016528;0,0006734;0,0017752;0;0,0010406;0,0026934;0,0009794;0,0001224;0,0000612;0,0004285;0,0000612;0,0001224;0,0007958;0,9647405
l;z;0;0;0;0;1;0;0;0;0;0;0;0;0;0;0;0;0;0;0;0;0;0;0;0;0;0;0
l;S;0,0994121;0,0571887;0,0411956;0,0317395;0,0223245;0,0421823;0,0198989;0,0590388;0,0584632;0,0033713;0,0076471;0,0220368;0,0377009;0,0310817;0,058381;0,0382354;0,0024668;0,0286149;0,0836657;0,1187354;0,0090861;0,0069482;0,0462525;0,00037;0,0153764;0,0002056;0,058381
m;a;0,0025905;0,0010109;0,0071397;0,06173;0,0002527;0;0,0271688;0,000695;0,0442914;0,0035383;0,047956;0,1347697;0,0111834;0,3015101;0;0,003096;0;0,1052;0,0494724;0,0875087;0,002401;0;0,0002527;0,0014532;0,0866873;0,0031592;0,0169331
m;b;0,0234694;0;0;0,0003401;0,4785714;0;0;0;0,0486395;0;0;0,2105442;0,0010204;0,0006803;0,0408163;0;0;0,0962585;0,0319728;0;0,0108844;0;0;0;0,0003401;0;0,0564626
m;c;0;0;0;0;0;0;0;0,8235294;0;0;0;0;0;0;0,1176471;0;0;0,0588235;0;0;0;0;0;0;0;0;0
m;d;0;0;0;0;0;0;0;0;0,0076628;0;0;0,0076628;0;0;0,0076628;0;0;0;0;0;0,0344828;0;0;0;0;0;0,9425287
m;e;0,0356517;0,0007013;0,0008962;0,0820183;0,0118839;0,0005065;0,0007013;0,0009351;0,0006624;0,0000779;0,000039;0,0211962;0,0176895;0,1690629;0,0006234;0,0002338;0;0,0718878;0,0520943;0,0416521;0,000039;0,0014806;0,005377;0,0003896;0,0001948;0,0000779;0,4839275
m;f;0;0;0;0;0,1147541;0;0;0;0,0273224;0;0;0,010929;0;0;0,8032787;0;0;0;0;0;0,0437158;0;0;0;0;0;0
m;g;0;0;0;0;0;0;0;0;0,5;0;0;0;0;0;0,5;0;0;0;0;0;0;0;0;0;0;0;0
m;h;0;0;0;0;0,1935484;0;0;0;0,0967742;0;0;0;0;0;0,7096774;0;0;0;0;0;0;0;0;0;0;0;0
m;i;0,0035469;0;0,0203946;0,0447794;0,0141875;0,0014409;0,1367768;0;0;0;0;0,165041;0,0024385;0,3153403;0,0014409;0,0004434;0;0,0271558;0,1668145;0,0911106;0,0002217;0,0001108;0;0,0075371;0;0,0001108;0,0011084
m;j;0,5;0;0;0;0;0;0;0;0;0;0;0;0;0;0,5;0;0;0;0;0;0;0;0;0;0;0;0
m;k;0;0;0;0;0;0;0;0;0;0;0;0;0;0;0;0;0;0;0;0;0;0;0;0;0;0;0
m;l;0,0123457;0;0;0;0,3333333;0;0;0;0,0432099;0;0;0,0061728;0;0;0;0;0;0;0;0;0;0;0;0;0,6049383;0;0
m;m;0,1319597;0;0;0,0039456;0,3494082;0;0;0;0,1126699;0;0;0;0;0;0,3033757;0;0;0;0,004384;0;0,0701447;0;0;0;0,0197282;0;0,004384
m;n;0,1348684;0;0;0,0361842;0,2105263;0;0;0;0,1447368;0;0;0,0296053;0;0;0,0197368;0;0;0;0,0460526;0,0032895;0,0065789;0;0;0;0;0;0,3684211
m;o;0,0043382;0,001151;0,0048694;0,0479858;0,0001771;0,0000885;0,0003541;0,0000885;0,0061089;0;0,0060204;0,0108012;0,0396636;0,1788402;0,0358566;0,0005312;0,0000885;0,290571;0,169367;0,0440903;0,1060646;0,0517928;0,0002656;0;0;0,0001771;0,0007083
m;p;0,1956696;0;0;0,0002005;0,1327185;0,0006014;0;0,0220529;0,0168404;0;0,0008019;0,2113071;0,0014034;0,0008019;0,1427426;0;0;0,0840016;0,0190457;0,1070569;0,015437;0;0;0;0,0062149;0;0,0431034
m;q;0;0;0;0;0;0;0;0;0;0;0;0;0;0;0;0;0;0;0;0;0;0;0;0;0;0;0
m;r;0,0103034;0;0;0;0,0005724;0;0;0;0;0;0;0;0;0;0,0057241;0;0;0;0,2255295;0;0;0;0;0;0;0;0,7578706
m;s;0,0015564;0,0011673;0,0031128;0,0003891;0,2490272;0;0;0,0015564;0,0066148;0,0003891;0,0003891;0;0,0003891;0;0,0124514;0,0011673;0;0;0,0003891;0,0828794;0;0;0,0003891;0;0,0023346;0;0,6357977
m;t;0;0;0;0;0,0344828;0;0;0,5402299;0,1264368;0;0;0;0;0;0,0804598;0;0;0,0344828;0,0229885;0;0;0;0;0;0;0;0,1609195
m;u;0;0;0,2821095;0,0277567;0,003785;0,0040373;0,003028;0,0005047;0;0;0;0,0938683;0,003028;0,0401211;0;0;0;0,0683825;0,4107999;0,0590462;0;0;0;0;0,0012617;0,0012617;0,0010093
m;v;0;0;0;0;1;0;0;0;0;0;0;0;0;0;0;0;0;0;0;0;0;0;0;0;0;0;0
m;w;0,1666667;0;0;0;0;0;0;0,3333333;0,1666667;0;0;0;0;0;0,3333333;0;0;0;0;0;0;0;0;0;0;0;0
m;x;0;0;0;0;0;0;0;0;0;0;0;0;0;0;0;0;0;0;0;0;0;0;0;0;0;0;0
m;y;0,0005775;0;0;0,0001925;0,000385;0;0,0001925;0;0,000385;0;0;0,0013474;0;0,0001925;0,000385;0;0;0,0057748;0,0962464;0,0005775;0;0;0;0;0,0001925;0;0,8935515
m;z;0;0;0;0;0;0;0;0;0;0;0;0;0;0;0;0;0;0;0;0;0;0;0;0;0;0;0
m;S;0,1252613;0,039786;0,0237363;0,0174025;0,0207232;0,0302546;0,0116222;0,0594638;0,0670274;0,0028902;0,0014758;0,0147583;0,0281023;0,0210921;0,0576805;0,013344;0,0014758;0,012852;0,0507318;0,2310294;0,0111302;0,0035666;0,0562046;0,0001845;0,0078096;0,0001845;0,0902103
n;a;0,0013053;0,0263959;0,0288615;0,0058013;0,0040609;0,0011603;0,0143582;0,0073967;0,0085569;0;0,0184191;0,1738941;0,0920957;0,0654097;0,0002901;0,0060914;0;0,0923858;0,0149384;0,3566352;0,0108774;0,0065265;0,0071066;0,000145;0,0055112;0,0014503;0,0503263
n;b;0,0641026;0;0;0;0,3269231;0;0;0;0,0384615;0;0;0,0512821;0;0;0,224359;0;0;0,1474359;0;0;0,0641026;0;0;0;0,0769231;0;0,0064103
n;c;0,0127551;0;0;0,0012344;0,6236011;0;0;0,0780941;0,0674786;0;0,0003292;0,0482225;0;0;0,0308591;0;0;0,0236175;0,0004937;0,0826201;0,0060072;0;0;0;0,0233706;0;0,0013167
n;d;0,0115463;0,000532;0,0001773;0,0001379;0,0909127;0,000532;0,0000197;0,0003547;0,0437224;0;0,0006502;0,0092607;0,000335;0,0015369;0,0107385;0,0001576;0,0000197;0,0089455;0,0402546;0,0004138;0,0069751;0;0,0004729;0;0,0008473;0;0,7714573
n;e;0,0631946;0,0003691;0,0243182;0,1378716;0,0183309;0,0028706;0,0057822;0,000205;0,0145171;0,000041;0;0,0180849;0,0073816;0,0143121;0,0041829;0,0008612;0,0015993;0,1000205;0,1146196;0,0114415;0,0019684;0,0449047;0,0491696;0,0173467;0,0114825;0,000123;0,335001
n;f;0,0571241;0;0;0;0,1792515;0;0;0;0,3118844;0;0;0,1149048;0;0;0,1930401;0;0;0,0242942;0;0;0,119501;0;0;0;0;0;0
n;g;0,005156;0,0007617;0,0012304;0,0027245;0,0859235;0,0006152;0,0003808;0,0006445;0,0149993;0,0000586;0,0000586;0,0468727;0,0003515;0,0004101;0,0014941;0,0011425;0;0,0114545;0,0428885;0,014677;0,0167277;0,0000879;0,0003515;0;0,0003222;0;0,7506665
n;h;0,6807739;0;0;0;0,2406288;0;0;0;0,0072551;0;0;0;0;0;0,0592503;0;0;0;0;0;0,0120919;0;0;0;0;0;0
n;i;0,0342595;0,0023546;0,063692;0,0022369;0,0262538;0,045797;0,1133741;0,001766;0,0008241;0;0,0047092;0,0018837;0,114316;0,291029;0,0410878;0,0085943;0,0008241;0,0004709;0,1065458;0,1058394;0,0020014;0,0187191;0;0,0007064;0;0,010478;0,0022369
n;j;0;0;0;0;0,1566952;0;0;0;0;0;0;0;0;0;0,4273504;0;0;0;0;0;0,4159544;0;0;0;0;0;0
n;k;0,0058565;0,000488;0;0,000488;0,0824793;0,0078087;0;0,000488;0,1078575;0;0;0,0219619;0,0014641;0,0614934;0;0;0;0,0009761;0,1278673;0,0039043;0;0;0;0;0,0039043;0;0,5729624
n;l;0,0440476;0;0;0;0,0861111;0;0;0;0,0555556;0;0;0;0;0;0,0059524;0;0;0;0;0;0,0027778;0;0;0;0,8039683;0;0,0015873
n;m;0,2539683;0;0;0;0,4497354;0;0;0;0,1428571;0;0;0;0;0;0,1428571;0;0;0;0;0;0,005291;0;0;0;0,005291;0;0
n;n;0,0642652;0;0;0,0040933;0,4269341;0;0;0;0,1330332;0;0,0004093;0;0;0;0,2689316;0;0;0;0,0045027;0,001228;0,0446173;0;0;0;0,0298813;0;0,022104
n;o;0,0008525;0,0093777;0,0076726;0,0023977;0,0031969;0,0008525;0,0001066;0;0,013214;0,0000533;0;0,0005861;0,0074062;0,0187553;0,0120951;0,0013321;0,0000533;0,0751279;0,0108696;0,4566816;0,0357523;0,0033035;0,2028453;0,0007992;0,0025575;0;0,1341113
n;p;0,09375;0;0;0;0,09375;0;0;0;0,1041667;0;0;0,21875;0;0;0,21875;0;0;0,25;0;0;0,0208333;0;0;0;0;0;0
n;q;0;0;0;0;0;0;0;0;0;0;0;0;0;0;0;0;0;0;0;0;0,9964158;0;0;0;0;0;0,0035842
n;r;0,1848739;0;0;0;0,3361345;0;0;0;0,2268908;0;0;0;0;0;0,1176471;0;0;0;0;0;0,0252101;0;0;0;0,1092437;0;0
n;s;0,0115805;0,0000816;0,0163921;0;0,1036536;0,0047301;0,0018757;0,0203066;0,1164573;0;0,0002447;0,0041592;0,0035883;0,0004893;0,0097048;0,018594;0;0,0000816;0,0003262;0,1539716;0,0215299;0,0013864;0,0457511;0;0,0004078;0;0,4646877
n;t;0,0556588;0,0002186;0,0001093;0,0001457;0,1377263;0,0012749;0,0001093;0,0146796;0,0959458;0,0000364;0;0,0589371;0,0021127;0,0007649;0,0832332;0,0000364;0;0,0532911;0,0889885;0,0004735;0,0073216;0;0,0005828;0;0,0142789;0,0000364;0,3840382
n;u;0,0538233;0,0003712;0,0029696;0,0089087;0,138827;0,0141054;0,0051967;0;0,0129918;0;0;0,0055679;0,3804751;0,0096511;0,0289532;0,0040831;0;0,0489978;0,1128434;0,1703786;0;0;0;0;0;0;0,001856
n;v;0,1268191;0;0;0;0,4397089;0;0;0;0,3222453;0;0;0;0;0;0,0634096;0;0;0;0;0;0,029106;0;0;0;0,018711;0;0
n;w;0,5696721;0;0;0;0,0901639;0;0;0,0983607;0,1065574;0;0;0;0;0;0,102459;0;0;0,0081967;0;0;0;0;0;0;0;0;0,0245902
n;x;0;0;0;0;0,0104167;0;0;0;0,8645833;0;0;0,0104167;0,0104167;0;0;0;0;0;0;0;0;0;0;0;0;0;0,1041667
n;y;0,0005749;0,007186;0,0002874;0,0002874;0;0,0005749;0;0,0008623;0,0043116;0;0;0;0,0022995;0,0002874;0,0040241;0;0;0;0,0011498;0,0459902;0,0106352;0;0,0114976;0,0014372;0;0;0,9085944
n;z;0,0810811;0;0;0;0,1891892;0;0;0;0,1351351;0;0;0;0;0;0,1621622;0;0;0;0;0;0,027027;0;0;0;0,3513514;0;0,0540541
n;S;0,123828;0,0354181;0,0309197;0,0210016;0,029199;0,0319088;0,0105821;0,062815;0,0644951;0,0025879;0,0027505;0,0150534;0,0331147;0,0119777;0,070904;0,0209067;0,0013143;0,0166793;0,0589941;0,2187144;0,0103788;0,0051217;0,0547938;0,0000135;0,0102975;0,0001626;0,0560674
o;a;0;0,0003964;0,1276258;0,2001585;0;0,0011891;0;0,0007927;0;0;0,0372572;0,0229885;0,0217994;0,0511296;0;0,0019818;0;0,1521998;0,1708284;0,196195;0;0,0019818;0;0,0027745;0;0;0,0107015
o;b;0,2174503;0,0361664;0;0,005425;0,1301989;0;0;0;0,0153707;0,0990054;0;0,1243219;0;0,0022604;0,0352622;0;0;0,0040687;0,232821;0,0420434;0,005425;0,0302893;0,0009042;0;0,0013562;0;0,0176311
o;c;0,0415045;0;0,1808042;0;0,1584955;0;0;0,1151751;0,0653696;0;0,336965;0,0223087;0;0;0,0184176;0;0;0,0067445;0;0,0293126;0,0191958;0;0;0;0,0010376;0;0,0046693
o;d;0,0162338;0,0042208;0,0029221;0,0173701;0,0569805;0,0001623;0,0103896;0,0038961;0,111526;0;0;0,0092532;0,000974;0,0100649;0,012987;0,0022727;0;0,0008117;0,0532468;0,0019481;0,1271104;0,000487;0,0027597;0;0,0748377;0;0,4795455
o;e;0,0055991;0;0,0011198;0,0235162;0;0;0;0;0,0022396;0;0;0,0022396;0,0111982;0,0145577;0;0,0011198;0;0,0179171;0,6024636;0,0235162;0,0078387;0,019037;0;0,0100784;0;0;0,2575588
o;f;0,0010158;0;0;0;0,0069946;0,0381077;0;0;0,0017704;0;0;0,0002032;0;0;0,0017994;0;0;0;0,0014512;0,0264113;0,0004934;0;0,0002032;0;0;0;0,9215498
o;g;0,0141304;0,001087;0;0;0,3282609;0,0005435;0,0130435;0,001087;0,1918478;0;0,0005435;0,0032609;0,0016304;0,0625;0,0538043;0;0;0,0940217;0,0657609;0;0,0130435;0;0,0005435;0;0,0771739;0;0,0777174
o;h;0,0035587;0;0;0;0,0106762;0;0;0;0,0142349;0;0;0;0;0,4679715;0,0035587;0;0;0;0;0;0,0071174;0;0;0;0;0;0,4928826
o;i;0,0003752;0;0,1621013;0,0589118;0,0011257;0,0003752;0,0022514;0;0,0003752;0;0,0018762;0,1091932;0;0,4757974;0;0;0;0,011257;0,1575985;0,0135084;0;0,0007505;0;0,0003752;0;0;0,0041276
o;j;0,0166667;0;0;0;0,8333333;0;0;0;0;0;0;0;0;0;0,15;0;0;0;0;0;0;0;0;0;0;0;0
o;k;0,0003084;0,0003084;0,0015418;0,0024669;0,4061055;0;0;0;0,1048412;0;0;0,0012334;0;0,0015418;0,0419365;0;0;0;0,062288;0,0030836;0;0;0,0003084;0;0,0003084;0;0,373728
o;l;0,0379188;0,0002454;0,0112897;0,2688673;0,1461529;0,003436;0,007731;0,0009817;0,0687201;0;0,0024543;0,1792858;0,0012271;0,0012271;0,1171923;0,0003681;0,0001227;0,0041723;0,0074856;0,0095717;0,0482268;0,0254019;0,0001227;0;0,0122714;0;0,0455271
o;m;0,0249901;0,0114159;0;0,0008519;0,3346964;0,0084625;0,0000568;0,0001704;0,0337934;0,0000568;0;0,0003976;0,0658829;0,0018175;0,0092009;0,0948486;0;0,0009655;0,0077242;0,0011359;0,0003408;0;0,0002272;0;0,0056228;0;0,397342
o;n;0,0149948;0,0004291;0,0277314;0,0425681;0,1413893;0,0114945;0,0717447;0,0003387;0,0148367;0,0014227;0,0008807;0,0329253;0,000271;0,0060973;0,0067296;0,0003387;0,001084;0,000271;0,1116029;0,0543336;0,0005646;0,0118107;0,0007678;0;0,0041326;0,0002032;0,441037
o;o;0,0001994;0,0002991;0,0002991;0,2529664;0,0008974;0,0178482;0;0,0004986;0,0016951;0;0,2271413;0,0504537;0,0810649;0,1074883;0;0,013461;0;0,1035996;0,0226344;0,0514508;0;0,000698;0;0;0;0,0001994;0,0671054
o;p;0,0216358;0;0;0,0011888;0,4053733;0;0,0002378;0,0356633;0,0820257;0,0004755;0,0004755;0,0744175;0,0133143;0,0068949;0,0549215;0,1500238;0;0,0078459;0,0313837;0,0209225;0,010699;0;0;0;0,0023776;0;0,0801236
o;q;0;0;0;0;0;0;0;0;0;0;0;0;0;0;0;0;0;0;0,0142857;0;0,9714286;0;0;0;0;0;0,0142857
o;r;0,0158463;0,0052167;0,0115271;0,0569906;0,1452251;0,0003646;0,0282709;0,000589;0,0261674;0;0,0175852;0,0161268;0,0680409;0,0362922;0,0063946;0,0044874;0,000028;0,0236432;0,0375824;0,1029028;0,0010938;0;0,0049081;0;0,0176413;0;0,3730753
o;s;0,0087863;0;0,0051083;0,0064365;0,3834287;0;0;0,0003065;0,0742746;0;0;0,0002043;0,0003065;0,0003065;0,0063343;0,0234982;0,0002043;0;0,1765427;0,2661422;0,004904;0;0,0001022;0;0,0009195;0;0,0421945
o;t;0,0118442;0,0002677;0,0016729;0;0,0400161;0,0000669;0;0,3327757;0,0327891;0,0000669;0;0,0013383;0,0009368;0,0002007;0,0046172;0,0002677;0;0,0032789;0,0149893;0,0291087;0,0006022;0;0,0016729;0;0,001606;0,0004684;0,5214133
o;u;0,0011341;0,019427;0,006903;0,0142744;0,0001972;0,000074;0,1060352;0,0000493;0,0008629;0;0;0,156723;0,0000493;0,1421281;0;0,0110202;0;0,154233;0,1123712;0,1126424;0,0000247;0,0011341;0,0000986;0;0,000074;0,0000493;0,160495
o;v;0,0130026;0;0;0,0122024;0,8975795;0;0;0;0,0580116;0;0;0,0008002;0;0,0016003;0,0084017;0;0;0,0046009;0,0004001;0;0,0028006;0;0;0;0;0;0,0006001
o;w;0,0391522;0,0011476;0,0012826;0,008303;0,1505333;0,0010801;0,0000675;0,0041177;0,0448225;0;0,0000675;0,0432699;0,0010801;0,2027812;0,0039152;0,0003375;0,0000675;0,0041177;0,0487377;0,0100581;0,0000675;0;0,0017551;0;0,0024301;0;0,4308087
o;x;0;0;0,006135;0;0,196319;0;0,006135;0,006135;0,2331288;0;0;0;0;0;0,0552147;0;0;0;0,006135;0;0,0122699;0;0;0;0,0797546;0;0,398773
o;y;0,1690962;0;0,0174927;0,0330418;0,1584062;0,0058309;0;0,0068027;0,0359572;0;0;0,0116618;0,0524781;0,0456754;0,0087464;0,0029155;0;0;0,0505345;0;0;0;0;0;0;0;0,4013605
o;z;0,1;0;0;0,0038462;0,5846154;0;0;0;0,0230769;0;0;0,0038462;0;0;0,0923077;0;0;0;0,0230769;0,0038462;0;0;0;0;0;0,0038462;0,1615385
o;S;0,0773427;0,0613939;0,0420517;0,040094;0,0288436;0,0344035;0,024876;0,0728269;0,0373793;0,0030801;0,0083268;0,0326808;0,0672148;0,0235448;0,0338554;0,0312712;0,0020621;0,0332289;0,0821718;0,1725659;0,0077786;0,0070217;0,0424954;0;0,0158705;0,0002349;0,0173845
p;a;0;0,0097843;0,0490327;0,0046698;0,0024461;0;0,0147876;0,0013342;0,0584834;0;0,0074494;0,0425839;0,007227;0,079831;0;0,0233489;0,0006671;0,430398;0,148877;0,0719368;0,0190127;0,0035579;0,0035579;0;0,0091172;0,0001112;0,0117856
p;b;0;0;0;0;0;0;0;0;0;0;0;0;0;0;0,6451613;0;0;0,2580645;0;0;0,0967742;0;0;0;0;0;0
p;c;0;0;0;0;0,1290323;0;0;0;0,7741935;0;0;0;0;0;0,0967742;0;0;0;0;0;0;0;0;0;0;0;0
p;d;0,030303;0;0;0;0,0606061;0;0;0;0;0;0;0;0;0;0,2424242;0;0;0,0606061;0;0;0;0;0;0;0;0;0,6060606
p;e;0,1267179;0,0025808;0,2191754;0,0752952;0,0156139;0,0008388;0,0003226;0,0000645;0,0008388;0;0;0,0245822;0,0108394;0,1065875;0,0197432;0,0002581;0;0,2650494;0,0309697;0,0253565;0,0012259;0;0,0003226;0,0000645;0;0,0000645;0,0734886
p;f;0;0;0;0;0;0;0;0;0,3;0;0;0;0;0;0,7;0;0;0;0;0;0;0;0;0;0;0;0
p;g;0;0;0;0;0;0;0;0;0;0;0;0;0;0;0;0;0;0,8333333;0;0;0,1666667;0;0;0;0;0;0
p;h;0,1323434;0;0;0,0006456;0,2136862;0;0;0;0,2633957;0;0;0,0077469;0;0,0006456;0,0774693;0;0;0,0271143;0,0103292;0,0012912;0,0129116;0;0;0;0,1187863;0;0,1336346
p;i;0,0188179;0,000265;0,1330506;0,0978002;0,1213888;0,000265;0,0402862;0;0;0;0,0021203;0,0699708;0,0005301;0,2231646;0,012722;0,0079512;0,0031805;0,1176782;0,0294196;0,1142327;0,000265;0,000265;0;0;0;0,0018553;0,0047707
p;j;0;0;0;0;1;0;0;0;0;0;0;0;0;0;0;0;0;0;0;0;0;0;0;0;0;0;0
p;k;0;0;0;0;0,125;0;0;0;0,5;0;0;0;0;0,375;0;0;0;0;0;0;0;0;0;0;0;0;0
p;l;0,4748695;0;0;0,001044;0,3075317;0;0;0;0,1118568;0;0;0;0;0;0,0307233;0;0;0;0;0;0,0181954;0;0;0;0,0551827;0;0,0005966
p;m;0,0131579;0;0;0;0,8947368;0;0;0;0;0;0;0;0;0;0,0394737;0;0;0;0;0;0;0;0;0;0;0;0,0526316
p;n;0;0;0;0,3170732;0,1707317;0;0;0;0,3170732;0;0;0;0;0;0;0;0;0;0,0243902;0;0;0;0;0;0;0;0,1707317
p;o;0,0002356;0,0007069;0,0147267;0,0027097;0,0014138;0;0;0;0,0891847;0;0,0263902;0,0408812;0,0025919;0,1649387;0,04418;0,0058907;0,0001178;0,1866164;0,2773327;0,0444156;0,030278;0,0016494;0,0627945;0,0001178;0;0;0,0028275
p;p;0,0521739;0;0;0;0,4517039;0;0;0,000235;0,0702703;0;0;0,0712103;0;0,000235;0,2122209;0;0;0,1024677;0;0;0;0;0;0;0,0383079;0;0,0011751
p;q;0;0;0;0;0;0;0;0;0;0;0;0;0;0;0;0;0;0;0;0;0;0;0;0;0;0;0
p;r;0,0481132;0;0;0;0,3422432;0;0;0;0,1575472;0;0;0;0;0;0,4465409;0;0;0;0;0;0,0053459;0;0;0;0,0002096;0;0
p;s;0,0108905;0;0;0,0006406;0,1140295;0;0;0,0044843;0,0076874;0;0;0;0;0,0006406;0,0006406;0,0006406;0;0;0;0,049968;0,0070468;0;0,0006406;0;0,0147341;0;0,7879564
p;t;0,1003146;0;0;0;0,2443202;0;0;0,0450891;0,1887452;0;0;0,0153792;0;0,0013981;0,0146802;0;0;0,0006991;0,0111849;0;0,0293604;0;0;0;0,012583;0;0,3362461
p;u;0,0010543;0,0542963;0,0005271;0,0094887;0,0021086;0,0052715;0,0021086;0;0,0042172;0;0;0,1296784;0,017923;0,0695836;0;0,0416447;0;0,323669;0,0542963;0,2546125;0;0;0;0;0;0,0274117;0,0021086
p;v;0;0;0;0;0;0;0;0;0;0;0;0;0;0;0;0;0;0;0;0;0;0;0;0;0;0;0
p;w;0,7804878;0;0;0;0;0;0;0,0121951;0,0853659;0;0;0;0;0;0;0;0;0,1219512;0;0;0;0;0;0;0;0;0
p;x;0;0;0;0;0;0;0;0;0;0;0;0;0;0;0;0;0;0;0;0;0;0;0;0;0;0;0
p;y;0;0,0439189;0;0;0;0,0033784;0;0;0,0304054;0;0;0;0;0;0;0;0;0,1925676;0;0,0202703;0;0,0033784;0;0;0;0;0,7060811
p;z;0;0;0;0;0;0;0;0;0;0;0;0;0;0;0;0;0;0;0;0;0;0;0;0;0;0;0
p;S;0,1623452;0,0392432;0,0158841;0,0093436;0,0121467;0,0317683;0,005139;0,051857;0,0728802;0,0009344;0,0021023;0,0126139;0,0268629;0,0067741;0,1034805;0,0093436;0,0018687;0,0130811;0,0378416;0,1728568;0,0156505;0,0035039;0,0604999;0,0007008;0,0126139;0,0002336;0,1184303
q;a;0;0;0;0;0;0;0;0;0;0;0;0;0;0;0;0;0;0;0;0;0;0;0;0;0;0;0
q;b;0;0;0;0;0;0;0;0;0;0;0;0;0;0;0;0;0;0;0;0;0;0;0;0;0;0;0
q;c;0;0;0;0;0;0;0;0;0;0;0;0;0;0;0;0;0;0;0;0;0;0;0;0;0;0;0
q;d;0;0;0;0;0;0;0;0;0;0;0;0;0;0;0;0;0;0;0;0;0;0;0;0;0;0;0
q;e;0;0;0;0;0;0;0;0;0;0;0;0;0;0;0;0;0;0;0;0;0;0;0;0;0;0;0
q;f;0;0;0;0;0;0;0;0;0;0;0;0;0;0;0;0;0;0;0;0;0;0;0;0;0;0;0
q;g;0;0;0;0;0;0;0;0;0;0;0;0;0;0;0;0;0;0;0;0;0;0;0;0;0;0;0
q;h;0;0;0;0;0;0;0;0;0;0;0;0;0;0;0;0;0;0;0;0;0;0;0;0;0;0;0
q;i;0;0;0;0;0;0;0;0;0;0;0;0;0;0;0;0;0;0;0;0;0;0;0;0;0;0;0
q;j;0;0;0;0;0;0;0;0;0;0;0;0;0;0;0;0;0;0;0;0;0;0;0;0;0;0;0
q;k;0;0;0;0;0;0;0;0;0;0;0;0;0;0;0;0;0;0;0;0;0;0;0;0;0;0;0
q;l;0;0;0;0;0;0;0;0;0;0;0;0;0;0;0;0;0;0;0;0;0;0;0;0;0;0;0
q;m;0;0;0;0;0;0;0;0;0;0;0;0;0;0;0;0;0;0;0;0;0;0;0;0;0;0;0
q;n;0;0;0;0;0;0;0;0;0;0;0;0;0;0;0;0;0;0;0;0;0;0;0;0;0;0;0
q;o;0;0;0;0;0;0;0;0;0;0;0;0;0;0;0;0;0;0;0;0;0;0;0;0;0;0;0
q;p;0;0;0;0;0;0;0;0;0;0;0;0;0;0;0;0;0;0;0;0;0;0;0;0;0;0;0
q;q;0;0;0;0;0;0;0;0;0;0;0;0;0;0;0;0;0;0;0;0;0;0;0;0;0;0;0
q;r;0;0;0;0;0;0;0;0;0;0;0;0;0;0;0;0;0;0;0;1;0;0;0;0;0;0;0
q;s;0;0;0;0;0;0;0;0;0;0;0;0;0;0;0;0;0;0;0;0;0;0;0;0;0;0;1
q;t;0;0;0;0;0;0;0;0;0;0;0;0;0;0;0;0;0;0;0;0;0;0;0;0;0;0;0
q;u;0,2559688;0;0;0;0,2754821;0;0;0;0,4637282;0;0;0;0;0;0,0029844;0;0;0;0;0;0,0002296;0;0;0;0,0009183;0;0,0006887
q;v;0;0;0;0;0;0;0;0;0;0;0;0;0;0;0;0;0;0;0;0;0;0;0;0;0;0;0
q;w;0;0;0;0;0;0;0;0;0;0;0;0;0;0;0;0;0;0;0;0;0;0;0;0;0;0;0
q;x;0;0;0;0;0;0;0;0;0;0;0;0;0;0;0;0;0;0;0;0;0;0;0;0;0;0;0
q;y;0;0;0;0;0;0;0;0;0;0;0;0;0;0;0;0;0;0;0;0;0;0;0;0;0;0;0
q;z;0;0;0;0;0;0;0;0;0;0;0;0;0;0;0;0;0;0;0;0;0;0;0;0;0;0;0
q;S;0;0;0;0;0;0;0;0;0;0;0;0;0,05;0;0,05;0,85;0;0;0;0;0;0;0,05;0;0;0;0
r;a;0;0,0456749;0,09205;0,0282775;0,0016697;0,0047937;0,0325864;0,0010772;0,0738447;0;0,0008618;0,1544221;0,0200366;0,1939028;0,0059248;0,0266078;0;0,0179899;0,029624;0,1403641;0,0049014;0,0343639;0,0259614;0,0003232;0,0190133;0,0043628;0,0413659
r;b;0,1133005;0;0;0,0123153;0,2253695;0;0;0;0,1564039;0;0;0,0554187;0;0;0,2105911;0,0012315;0;0,0431034;0,0295567;0;0,0160099;0;0;0;0,0381773;0;0,0985222
r;c;0,0409337;0;0;0,0016915;0,3389716;0;0;0,3305142;0,0375507;0;0,0027064;0,0483762;0;0;0,0365359;0;0;0,0162382;0,0003383;0,0236806;0,1102842;0;0;0;0,0104871;0;0,0016915
r;d;0,0173853;0,0005563;0;0,0009736;0,1385257;0,0005563;0,0002782;0,0004172;0,089847;0;0;0,0381085;0,0002782;0,0037552;0,0125174;0,0001391;0;0,0025035;0,2070932;0,0009736;0,0031989;0,0002782;0,0008345;0;0,0025035;0;0,4792768
r;e;0,1151145;0,0020045;0,0348005;0,0937726;0,0546937;0,013425;0,0122122;0,0034531;0,0037226;0,0015834;0,0002021;0,0242222;0,0348342;0,0445534;0,0029815;0,0256203;0,00758;0,0045985;0,1069955;0,0318864;0,0004211;0,0130207;0,0096518;0,0001348;0,0051038;0,0000168;0,353395
r;f;0,2498255;0;0;0;0,3551989;0,0013957;0;0;0,0167481;0;0;0,0404745;0;0;0,0837404;0,0006978;0;0,0013957;0,0006978;0;0,2002791;0;0;0;0;0;0,0495464
r;g;0,2174393;0;0;0,0073584;0,5161884;0;0;0,0018396;0,0813098;0;0;0,0022075;0;0,0003679;0,0794702;0;0;0,0161884;0,0099338;0;0,0345843;0;0;0;0,0228109;0;0,0103017
r;h;0,6233184;0;0;0;0,077728;0;0;0;0,0403587;0;0;0;0;0;0,1928251;0;0;0;0,0014948;0;0,0164425;0;0;0;0,044843;0;0,0029895
r;i;0,0482625;0,0392382;0,0641671;0,0411328;0,1598444;0,0191953;0,0590816;0;0;0;0,0090243;0,0303136;0,0219375;0,2097023;0,0834621;0,0148577;0,0002991;0;0,072294;0,0657626;0,0045371;0,0451713;0;0,0001994;0;0,0065812;0,0049359
r;j;0;0;0;0;0,2727273;0;0;0;0;0;0;0;0;0;0,3636364;0;0;0;0;0;0,3636364;0;0;0;0;0;0
r;k;0,1028546;0,0031717;0,0022655;0,0013593;0,213865;0,0009062;0,0004531;0,0013593;0,0425918;0;0;0,0104214;0,0058903;0,0543725;0,0222021;0;0;0;0,1169008;0,0018124;0;0;0,0009062;0;0,0031717;0;0,4154961
r;l;0,0151617;0,0006739;0,0006739;0,1816038;0,0778302;0;0,0010108;0,0003369;0,074124;0;0;0,0006739;0,0003369;0;0,0495283;0,0006739;0;0,0003369;0,0407682;0,0003369;0,0003369;0;0,0030323;0;0,4289084;0;0,1236523
r;m;0,1071649;0,0006159;0,0026689;0,0158078;0,2500513;0,0010265;0,0002053;0,0045165;0,1383699;0,0002053;0;0,0143708;0;0,0010265;0,0390064;0,0002053;0;0,0004106;0,184767;0,005543;0,0174502;0;0,0002053;0;0,0073907;0;0,208992
r;n;0,0827697;0,000178;0,000356;0,0233179;0,241189;0,0229619;0,000178;0,000178;0,1687433;0;0;0,00267;0,009434;0,001246;0,0865077;0,000534;0;0;0,0542898;0,010502;0,00178;0;0,00089;0;0,003026;0;0,2892488
r;o;0,0413838;0,0268156;0,0562097;0,0430168;0,0008165;0,0166738;0,009755;0,0003438;0,0022776;0,0021487;0,0198969;0,0087237;0,2460249;0,0447357;0,0437903;0,050795;0,0001289;0,0097121;0,0568113;0,019725;0,1827245;0,0266437;0,0710786;0,0010314;0,0091534;0,0021917;0,0073915
r;p;0,0304276;0;0;0;0,1759868;0;0;0,0699013;0,0378289;0;0;0,0740132;0,0032895;0,0024671;0,1973684;0;0;0,2935855;0,0320724;0,0032895;0,0082237;0;0,0008224;0;0,0008224;0;0,0699013
r;q;0;0;0;0;0;0;0;0;0;0;0;0;0;0;0;0;0;0;0;0;1;0;0;0;0;0;0
r;r;0,1126408;0;0;0,0047977;0,2085941;0;0;0,0016688;0,2966208;0;0;0,0002086;0;0;0,211723;0;0;0;0,0079266;0;0,0269086;0;0;0;0,0876095;0;0,0413016
r;s;0,0225415;0,0004302;0,0009464;0,0017207;0,1638131;0,0001721;0;0,0134217;0,0234879;0,0001721;0,0003441;0,0001721;0,0002581;0,000086;0,0242622;0,0024951;0,000086;0;0,0004302;0,1618343;0,0192721;0,000086;0,0009464;0;0,0004302;0;0,5625914
r;t;0,1320525;0,0009372;0;0,0002812;0,1073102;0,0022493;0,0003749;0,190253;0,1115276;0;0,0000937;0,0212746;0,0066542;0,0078725;0,0183693;0;0;0,0084349;0,0626992;0,0001874;0,0411434;0;0,000656;0;0,0532334;0,001687;0,2327085
r;u;0,0045486;0,0259268;0,1576075;0,0566295;0,0836934;0,0059131;0,0534455;0;0,0873323;0;0;0,0518535;0,0423016;0,1032522;0,0002274;0,0682283;0;0,0029566;0,171708;0,0689106;0;0,001592;0,0002274;0,0002274;0;0,0061406;0,0072777
r;v;0,2887521;0;0;0,0184667;0,5142697;0;0;0;0,1477336;0;0;0;0;0;0,0229435;0;0;0;0;0;0,0044768;0;0;0;0,0022384;0;0,0011192
r;w;0,695825;0;0;0;0,0357853;0;0;0,0715706;0,1510934;0;0;0;0;0;0,0377734;0;0;0,0079523;0;0;0;0;0;0;0;0;0
r;x;0;0;0;0;1;0;0;0;0;0;0;0;0;0;0;0;0;0;0;0;0;0;0;0;0;0;0
r;y;0,0002777;0,0041661;0,0006943;0,0012498;0,0004166;0,0008332;0,0001389;0,0005555;0,0354117;0;0;0,002083;0,0040272;0,002083;0,0169421;0,0013887;0;0,0002777;0,0088877;0,0097209;0;0;0,0072212;0,0004166;0,0001389;0,0002777;0,9027913
r;z;0,9971751;0;0;0;0,0028249;0;0;0;0;0;0;0;0;0;0;0;0;0;0;0;0;0;0;0;0;0;0
r;S;0,1093381;0,0416182;0,0386946;0,0281271;0,0271056;0,0445947;0,0146888;0,0642326;0,0623305;0,0036986;0,0047201;0,0272289;0,0406319;0,0210469;0,0643911;0,0361231;0,0020959;0,0256261;0,0694107;0,1375357;0,0072387;0,0072211;0,0543344;0,00118;0,0097397;0,0001761;0,0568706
s;a;0,003487;0,0227743;0,017217;0,0278958;0,0008717;0,0251716;0,0260434;0,0004359;0,2037703;0;0,0113327;0,0487087;0,1521194;0,0883731;0;0,0219026;0;0,0282227;0,006756;0,0878283;0,0073009;0,0468563;0,0836875;0,000109;0,0810722;0;0,0080636
s;b;0,7514793;0;0;0;0,035503;0;0;0;0;0;0;0,0118343;0;0;0,0295858;0;0;0,0236686;0;0;0,0887574;0;0;0;0,0591716;0;0
s;c;0,2176329;0;0;0;0,2584541;0;0;0,0615942;0,07657;0;0;0,0219807;0;0;0,171256;0;0;0,1222222;0,0016908;0;0,0673913;0;0;0;0,0007246;0;0,0004831
s;d;0,1027569;0;0;0;0,0225564;0;0;0;0,0025063;0;0;0,0025063;0;0;0,1052632;0;0;0,0075188;0;0;0;0;0;0;0;0;0,7568922
s;e;0,0414473;0,0013891;0,0303667;0,1068648;0,1046035;0,0031336;0,0007753;0,0012922;0,0046519;0;0,001163;0,0973671;0,0128251;0,0713293;0,0002584;0,0139557;0,0094654;0,0620578;0,0619932;0,0177354;0,0005815;0,0320788;0,002649;0,0040058;0,0002907;0,0000969;0,3176224
s;f;0,2093863;0;0;0;0,0722022;0;0;0;0,2815884;0;0;0,0036101;0;0;0,1768953;0;0;0,0036101;0;0;0,1913357;0;0;0;0,0613718;0;0
s;g;0,0081301;0;0;0;0,0081301;0;0;0;0,0731707;0;0;0;0;0;0,0487805;0;0;0,3252033;0;0;0,5365854;0;0;0;0;0;0
s;h;0,1444816;0,0012709;0,0018729;0,0015385;0,3931773;0,0002007;0,0004013;0,0002007;0,0657525;0;0,0000669;0,0024749;0,0141806;0,0022742;0,2098997;0;0;0,0146488;0,0004013;0,0064214;0,0146488;0;0,0038796;0;0,0018729;0;0,1203344
s;i;0,0103186;0,0488062;0,0183776;0,1419748;0,0384123;0,008285;0,0510658;0;0,0000753;0;0,0000753;0,0588988;0,0348723;0,1850569;0,1193041;0,0028621;0,0003013;0,0491828;0,0457182;0,1180236;0,0006025;0,0312571;0;0,0192061;0;0,0148377;0,0024855
s;j;0,0769231;0;0;0;0,0769231;0;0;0;0;0;0;0;0;0;0,3846154;0;0;0;0;0;0,4615385;0;0;0;0;0;0
s;k;0,0042523;0;0,0007087;0,0014174;0,4075124;0;0;0;0,1998583;0;0;0,0035436;0,0007087;0,0007087;0,0014174;0;0;0,0007087;0,0170092;0,0042523;0,0297661;0;0,0007087;0;0,092842;0;0,2345854
s;l;0,3405459;0;0;0;0,1664447;0;0;0;0,165779;0;0;0;0;0;0,1511318;0;0;0;0;0;0,020972;0;0;0;0,1551265;0;0
s;m;0,4636417;0;0,0005817;0;0,0971495;0;0;0;0,2070971;0;0;0;0;0;0,1320535;0;0;0,0005817;0,0215241;0;0,0098895;0;0;0;0,0029087;0;0,0645724
s;n;0,2237288;0;0;0;0,2457627;0;0;0;0,0644068;0;0;0;0;0;0,3423729;0;0;0;0;0,059322;0,0457627;0;0;0;0;0;0,0186441
s;o;0,0032586;0,0069051;0,0179223;0,00225;0,0004655;0,0208705;0;0;0,0089999;0,0006207;0;0,0751804;0,2543254;0,1104042;0,0489565;0,0051206;0;0,0560943;0,0003879;0,0005431;0,0942664;0,0024052;0,0029483;0;0,0002328;0;0,2878423
s;p;0,0872617;0;0,0006621;0;0,5325742;0;0;0,028072;0,1067267;0;0;0,0255561;0;0;0,1204979;0;0;0,076536;0,0006621;0;0,0108581;0;0;0;0,0009269;0;0,0096663
s;q;0;0;0;0;0;0;0;0;0;0;0;0;0;0;0;0;0;0,0045872;0;0;0,9908257;0;0;0;0;0;0,0045872
s;r;0,14;0;0;0;0,5;0;0;0;0,04;0;0;0;0;0;0,14;0;0;0;0,14;0;0,04;0;0;0;0;0;0
s;s;0,0446142;0,000493;0,0001643;0,0039438;0,1906992;0,0044368;0,0003287;0,0013146;0,1980117;0;0;0,0068195;0,0012324;0,0033687;0,0386164;0,0012324;0,0002465;0,0008216;0,0015611;0,0007395;0,0286747;0;0,0007395;0;0,0041903;0;0,4677512
s;t;0,1355897;0,0002703;0,0007508;0,0001802;0,1269708;0,0008709;0;0,0021022;0,1069702;0;0,00003;0,0095799;0,0008709;0,0015616;0,0675095;0,0002703;0;0,133998;0,0207814;0,0003303;0,0163368;0;0,0015316;0;0,0044446;0;0,3690501
s;u;0,032556;0,096629;0,1927961;0,0394828;0,0190487;0,0546063;0,0123528;0;0,0161625;0;0;0,0385592;0,0691526;0,0489494;0;0,1191411;0;0,2258139;0,0322097;0,0024244;0;0,0001154;0;0;0;0;0
s;v;0;0;0;0;0,952381;0;0;0;0;0;0;0;0;0;0,047619;0;0;0;0;0;0;0;0;0;0;0;0
s;w;0,1330502;0;0;0;0,6468507;0;0;0,0113234;0,1224345;0;0;0;0;0;0,0559094;0;0;0;0;0;0,0254777;0;0;0;0;0;0,004954
s;x;0;0;0;0;0;0;0;0;0;0;0;0;0;0;0;0;0;0;0;0;0;0;0;0;0;0;0
s;y;0;0;0,0218579;0,0200364;0,0182149;0,0018215;0,0018215;0;0,003643;0;0;0,0582878;0,154827;0,0145719;0,0091075;0,0018215;0;0,0182149;0,2422587;0,003643;0;0;0;0;0;0;0,4298725
s;z;0;0;0;0;0;0;0;0;0;0;0;0;0;0;0;0;0;0;0;0;0;0;0;0;0;0;0
s;S;0,1370282;0,0424926;0,0334928;0,023876;0,0206767;0,0409167;0,0146104;0,0476096;0,0710014;0,0027626;0,0032942;0,020202;0,0316036;0,030398;0,1059467;0,02605;0,003636;0,018085;0,0587548;0,1107219;0,0084017;0,0093225;0,067185;0,000019;0,0076707;0,0001994;0,0640427
t;a;0,0000685;0,0471491;0,0279605;0,0003427;0,0008224;0,0006853;0,0347451;0,0037007;0,161801;0,0000685;0,0738761;0,0824424;0,0124726;0,2308114;0;0,0040433;0;0,1526179;0,0211075;0,09608;0,0060307;0,0002741;0,0014391;0,0004112;0,0169956;0;0,0240543
t;b;0,1355932;0;0;0;0,1186441;0;0;0;0,0508475;0;0;0,0847458;0;0;0,3389831;0;0;0,2542373;0;0;0,0169492;0;0;0;0;0;0
t;c;0,0123188;0;0;0;0,0043478;0;0;0,9246377;0,0007246;0;0;0,0043478;0;0;0,0268116;0;0;0,0137681;0;0;0;0;0;0;0,0028986;0;0,0101449
t;d;0,24;0;0;0;0,2;0;0;0;0,12;0;0;0;0;0;0,36;0;0;0,08;0;0;0;0;0;0;0;0;0
t;e;0,0225605;0,0015705;0,0054061;0,2165141;0,0140437;0,0025067;0,0003624;0,000151;0,0001208;0;0,0000302;0,0414062;0,0323457;0,1076681;0,0016007;0,0096343;0,0000302;0,3381656;0,0365135;0,0007852;0,0003624;0,0035336;0,0010268;0,0008456;0,0000604;0,0000302;0,1627254
t;f;0,1081871;0;0;0;0,0116959;0;0;0;0,0175439;0;0;0,0233918;0;0;0,1783626;0;0;0;0;0;0,6608187;0;0;0;0;0;0
t;g;0,3333333;0;0;0;0,0666667;0;0;0;0,0666667;0;0;0;0;0;0,2;0;0;0,2;0;0;0,1333333;0;0;0;0;0;0
t;h;0,097291;0,0000804;0,0038344;0,0006511;0,6433441;0,0006994;0,000008;0,0000723;0,0707074;0;0;0,0008119;0,0001125;0,0000723;0,0384003;0,0000804;0,000635;0,0204502;0,0033039;0,0000723;0,0092926;0;0,0014791;0;0,0061495;0;0,1024518
t;i;0,0158461;0,0021829;0,0669011;0,003719;0,0547336;0,0175034;0,0069529;0;0;0;0;0,0828685;0,0851322;0,1931442;0,359164;0,0034764;0,0010106;0,0215862;0,0136228;0,0259924;0,0005659;0,0425661;0;0;0;0,0003234;0,0027084
t;j;0,5;0;0;0;0;0;0;0;0;0;0;0;0;0;0;0;0;0;0;0;0,5;0;0;0;0;0;0
t;k;0,5;0;0;0;0;0;0;0;0,1666667;0;0;0;0;0,3333333;0;0;0;0;0;0;0;0;0;0;0;0;0
t;l;0,0147411;0;0;0,0009213;0,4908789;0;0;0;0,0270868;0;0;0,0001843;0;0;0,0018426;0;0;0;0,0001843;0;0;0;0;0;0,4634236;0;0,0007371
t;m;0,1568047;0;0;0;0,464497;0;0;0;0,0088757;0;0;0;0;0;0,3639053;0;0;0;0;0;0;0;0;0;0,0059172;0;0
t;n;0,0414634;0;0;0,0317073;0,604878;0;0;0;0,2146341;0;0;0;0;0;0,0243902;0;0;0;0,004878;0,0219512;0,0341463;0;0;0;0;0;0,0219512
t;o;0,0006789;0,0012398;0,0042213;0,0021254;0,0018597;0,0004723;0,015232;0,0001181;0,0025977;0;0,0024796;0,0179773;0,013638;0,063142;0,0513343;0,0115421;0;0,0419766;0,0007675;0,002214;0,009151;0,0000295;0,0216082;0,0004428;0,0004133;0,0000886;0,7346499
t;p;0,1;0;0;0;0,2333333;0;0;0;0,0333333;0;0;0,1;0;0;0,3666667;0;0;0,1666667;0;0;0;0;0;0;0;0;0
t;q;0;0;0;0;0;0;0;0;0;0;0;0;0;0;0;0;0;0;0;0;1;0;0;0;0;0;0
t;r;0,2787526;0;0;0;0,2190757;0;0;0;0,1786831;0;0;0;0;0;0,1132731;0;0;0;0;0;0,1409833;0;0;0;0,0691452;0,0000869;0
t;s;0,0021968;0,0002197;0,0004394;0,0002197;0,0168058;0,0002197;0;0,002087;0,0094464;0;0,0019772;0;0,0016476;0,0001098;0,0023067;0,0034051;0;0;0,0002197;0,0093366;0,0002197;0,0001098;0,0001098;0;0;0;0,9489236
t;t;0,0500709;0;0;0;0,4553614;0;0;0,0097622;0,0821918;0;0;0,3144387;0;0;0,033538;0;0;0,0291293;0,0006298;0;0,0020469;0;0;0;0,0192096;0;0,0036215
t;u;0,0728486;0,0129154;0,0095777;0,0576114;0,0098679;0,0085619;0,0020316;0,0001451;0,0017414;0;0;0,0082717;0,026121;0,0433899;0,0079814;0,0076912;0;0,6887244;0,0121898;0,0287331;0,0002902;0;0;0;0;0;0,0013061
t;v;0;0;0;0;1;0;0;0;0;0;0;0;0;0;0;0;0;0;0;0;0;0;0;0;0;0;0
t;w;0,0325342;0;0;0;0,3773973;0;0;0,0037671;0,0743151;0;0;0;0;0;0,510274;0;0;0,0010274;0;0;0;0;0;0;0;0;0,0006849
t;x;0;0;0;0;0;0;0;0;0;0;0;0;0;0;0;0;0;0;0;0;0;0;0;0;0;0;0
t;y;0,0064373;0,0006659;0,0008879;0,000444;0,0035516;0,0157603;0,0022198;0,000444;0,0042175;0;0;0,0110988;0,000222;0,0022198;0,0031077;0,018424;0;0,0106548;0,0071032;0,0082131;0,000222;0;0,0013319;0,000222;0,000444;0;0,9021088
t;z;0;0,0291262;0,0097087;0;0,1553398;0;0;0;0,0097087;0,0097087;0;0;0;0;0;0;0;0,0097087;0;0;0;0;0;0;0;0;0,776699
t;S;0,0992848;0,0415823;0,0302927;0,0267496;0,0192452;0,0366857;0,0115097;0,0644146;0,0942121;0,0045114;0,0049736;0,025033;0,0362236;0,0210607;0,078004;0,0215889;0,0020136;0,0181778;0,0579445;0,1489547;0,0122249;0,0056998;0,0713468;0,000022;0,012357;0,000077;0,0558099
u;a;0;0,0130217;0,0093489;0,0494157;0;0;0,0353923;0;0,0340568;0;0,0287145;0,4767947;0;0,0524207;0;0,0003339;0;0,1649416;0,0096828;0,1085142;0;0,0006678;0;0;0,0076795;0;0,009015
u;b;0,0081652;0,0523535;0,0019212;0,0216138;0,0480307;0,0052834;0,0129683;0,0004803;0,0196926;0,1229587;0;0,2137368;0,0369837;0;0,0216138;0;0;0,0028818;0,1450528;0,2636888;0,0024015;0,0028818;0;0;0,0014409;0;0,0158501
u;c;0,0150047;0;0,0921178;0,0020893;0,1059829;0;0;0,4987654;0,0140551;0;0,0725546;0,0001899;0;0;0,005698;0;0;0,0003799;0;0,1861349;0,0051282;0;0;0;0,0011396;0;0,0007597
u;d;0,0136879;0,0039108;0;0,1724677;0,3128666;0;0,0965976;0,0003911;0,1341416;0;0;0,0101682;0;0,0003911;0,0062573;0;0;0,0003911;0,0410637;0;0,0031287;0;0,0003911;0;0,0265937;0;0,1775518
u;e;0,0033917;0,0011306;0,0005653;0,1280384;0,0149802;0,0011306;0,0443754;0,0002826;0;0;0;0,0551159;0,0107405;0,2108536;0,0014132;0,0005653;0;0,0243075;0,1749576;0,0053703;0;0,0002826;0,0002826;0;0,0002826;0;0,3219333
u;f;0,038633;0;0;0;0,0044577;0,8885587;0;0;0;0;0;0;0;0;0,0059435;0;0;0,0222883;0;0,038633;0,0014859;0;0;0;0;0;0
u;g;0,0062176;0,0001727;0;0,0001727;0,0316062;0;0,0528497;0,8687392;0,0027634;0;0;0,0062176;0,0027634;0,0006908;0,0006908;0;0;0,0003454;0,0058722;0;0,0075993;0;0;0;0;0;0,0132988
u;h;0;0;0;0;0,25;0;0;0;0;0;0;0;0;0;0;0;0;0;0;0;0;0;0;0;0;0;0,75
u;i;0,001757;0,0002928;0,0898975;0,0541728;0,0825769;0;0;0;0;0;0;0,1095168;0,0070278;0,0749634;0,0011713;0,0038067;0,0023426;0,1103953;0,1121523;0,3229868;0;0,0175695;0;0;0;0,0032211;0,0061493
u;j;0;0;0;0;0;0;0;0;1;0;0;0;0;0;0;0;0;0;0;0;0;0;0;0;0;0;0
u;k;0;0;0;0;0,6111111;0;0;0;0,0555556;0;0;0;0;0;0;0;0;0;0,1666667;0;0;0;0;0;0;0;0,1666667
u;l;0,0793482;0,0000819;0,0011464;0,496397;0,0293154;0,0062234;0,0056502;0;0,023092;0;0,0040124;0,0941697;0,0003275;0,0031117;0,0088438;0,0042581;0;0;0,0129381;0,0944153;0,0010645;0,0036849;0,0004094;0;0,007943;0;0,123567
u;m;0,0958982;0,2854314;0;0,0067893;0,1886846;0,0070721;0;0;0,0438472;0;0;0,0008487;0,0930693;0,0186704;0,0178218;0,0562942;0;0,0002829;0,0695898;0;0,0390382;0,0005658;0,0002829;0;0,0005658;0;0,0752475
u;n;0,0209986;0,0058161;0,0487197;0,3821286;0,023038;0,0095173;0,1048418;0,0053629;0,0546114;0,0014352;0,0189591;0,0127653;0,0034746;0,0180527;0,0020394;0,0052119;0,0006798;0,0044565;0,0255306;0,2031876;0,0050608;0,0009064;0,0060428;0;0,0009819;0;0,036181
u;o;0;0;0;0,004329;0;0;0;0;0;0;0;0;0;0;0;0;0;0,004329;0,008658;0,038961;0,8831169;0;0;0;0,0606061;0;0
u;p;0,0151869;0,005257;0;0;0,0611371;0;0,0001947;0,0066199;0,0346573;0;0;0,0144081;0;0;0,2044393;0,1728972;0;0,022391;0,05919;0,0436137;0,0017523;0;0,0130452;0;0,0040888;0;0,3411215
u;q;0;0;0;0;0;0;0;0;0;0;0;0;0;0;0;0;0;0;0;0;1;0;0;0;0;0;0
u;r;0,068538;0,0091778;0,0122907;0,0146522;0,2232718;0,0137398;0,00848;0,003918;0,0830292;0,0000537;0,0020395;0,0092314;0,0049914;0,1030485;0,0115393;0,0298948;0;0,0327394;0,0859811;0,0327394;0,0010734;0,0077823;0,0001073;0;0,0060112;0,0001073;0,2355625
u;s;0,0196717;0,0090403;0,0097635;0,0038331;0,1872424;0,0001446;0;0,0449845;0,0410067;0;0,006292;0,0283503;0;0,0051349;0,0016634;0,013018;0,0002893;0,0000723;0,0122225;0,2076372;0,0170681;0,0000723;0,0000723;0;0,0033991;0;0,3890215
u;t;0,008104;0,0003493;0,0047506;0,000489;0,0776163;0,0001397;0,0000699;0,085371;0,0534442;0;0;0,0048205;0,0034931;0,0000699;0,0023753;0,000489;0;0,0052396;0,015649;0,0347213;0,016138;0;0,0024452;0;0,009082;0,0000699;0,6750734
u;u;0;0;0;0,25;0;0;0;0;0;0;0;0;0;0;0;0;0;0;0,75;0;0;0;0;0;0;0;0
u;v;0,0373832;0;0;0;0,4766355;0;0;0;0,4205607;0;0;0;0;0;0;0;0;0,0654206;0;0;0;0;0;0;0;0;0
u;w;0,7391304;0;0;0;0;0;0;0,0869565;0,173913;0;0;0;0;0;0;0;0;0;0;0;0;0;0;0;0;0;0
u;x;0,0891089;0;0;0;0,009901;0;0;0;0,019802;0;0;0,049505;0;0;0,0594059;0;0;0;0;0;0,5841584;0;0;0;0;0;0,1881188
u;y;0,0294118;0;0;0;0;0;0;0;0,1470588;0;0;0;0;0;0,0588235;0,0294118;0;0;0,0294118;0;0;0;0;0;0;0;0,7058824
u;z;0,0086957;0;0;0;0,0521739;0;0;0;0;0;0;0;0;0;0,0695652;0;0;0;0;0;0;0;0;0;0,0086957;0,6;0,2608696
u;S;0,1432652;0,0240529;0,0446482;0,0458509;0,0118761;0,0269092;0,016386;0,0889958;0,0323211;0,0034576;0,0237523;0,0290138;0,0717078;0,0270595;0,0189417;0,0156344;0,000902;0,0174384;0,0980156;0,0762177;0,0067649;0,002255;0,0992183;0;0,0060132;0;0,0693025
v;a;0;0,0055672;0,0136859;0,0092786;0,0095106;0;0,072373;0,0006959;0,0489446;0;0;0,2029691;0,0011598;0,1528648;0;0,0099745;0;0,302714;0,0398979;0,0997448;0,0078868;0;0;0;0,000232;0;0,0225006
v;b;0;0;0;0;0;0;0;0;0;0;0;0;0;0;0;0;0;0;0;0;0;0;0;0;0;0;0
v;c;0;0;0;0;0;0;0;0;0;0;0;0;0;0;0;0;0;0;0;0;0;0;0;0;0;0;0
v;d;0;0;0;0;0;0;0;0;0;0;0;0;0;0;0;0;0;0;0;0;0;0;0;0;0;0;1
v;e;0,0028258;0,0008722;0,0001395;0,0593776;0,0001047;0,0001047;0,0061401;0,0010466;0,0033143;0;0;0,0360382;0,00771;0,0899735;0,0000349;0,0000698;0;0,349393;0,0489813;0,0017443;0,0000349;0;0,0001395;0,0015699;0,0039422;0,0000698;0,3863732
v;f;0;0;0;0;0;0;0;0;0;0;0;0;0;0;0;0;0;0;0;0;0;0;0;0;0;0;0
v;g;0;0;0;0;0;0;0;0;0;0;0;0;0;0;0;0;0;0;0;0;0;0;0;0;0;0;0
v;h;0,1;0;0;0;0,2;0;0;0;0,4;0;0;0;0;0;0,2;0;0;0;0;0;0;0;0;0;0,1;0;0
v;i;0,0180966;0,0038778;0,0626919;0,1368557;0,088221;0;0,0187429;0;0,0051705;0;0;0,1185975;0;0,3236387;0,0486347;0,0009695;0;0,0100178;0,0971078;0,0399095;0,0012926;0,0222976;0;0,0001616;0;0,0008079;0,0029084
v;j;0;0;0;0;0;0;0;0;0;0;0;0;0;0;0;0;0;0;0;0;0;0;0;0;0;0;0
v;k;0;0;0;0;0;0;0;0;0;0;0;0;0;0;0;0;0;0;0;0;0;0;0;0;0;0;0
v;l;0;0;0;0;0;0;0;0;0,5;0;0;0;0;0;0;0;0;0;0;0;0;0;0;0;0,5;0;0
v;m;0;0;0;0;0;0;0;0;0;0;0;0;0;0;0;0;0;0;0;0;0;0;0;0;0;0;0
v;n;0,0110906;0,0018484;0;0;0;0,0018484;0;0;0,0406654;0;0;0,0868762;0;0;0,0018484;0;0;0;0,116451;0,0073937;0;0;0,0018484;0;0;0;0,7301294
v;o;0;0;0,0353591;0;0;0;0,001105;0;0,2359116;0;0,0276243;0,2640884;0,001105;0,0066298;0;0;0;0,0651934;0,0022099;0,0325967;0,2524862;0;0,0138122;0;0,0618785;0;0
v;p;0;0;0;0;0;0;0;0;0;0;0;0;0;0;0;0;0;0;0;0;0;0;0;0;0;0;0
v;q;0;0;0;0;0;0;0;0;0;0;0;0;0;0;0;0;0;0;0;0;0;0;0;0;0;0;0
v;r;0,7142857;0;0;0;0,2;0;0;0;0,0857143;0;0;0;0;0;0;0;0;0;0;0;0;0;0;0;0;0;0
v;s;0;0;0;0;0;0;0;0;0;0;0;0;0;0;0;0;0;0;0;0,8461538;0;0;0;0;0;0;0,1538462
v;t;0;0;0;0;0;0;0;0;0;0;0;0;0;0;0;0;0;0;0;0;0;0;0;0;0;0;0
v;u;0;0;0;0;0,0275229;0;0;0;0;0;0;0,9266055;0;0;0;0;0;0,0275229;0,0183486;0;0;0;0;0;0;0;0
v;v;0,08;0;0;0;0,16;0;0;0,4;0,24;0;0;0;0;0;0,12;0;0;0;0;0;0;0;0;0;0;0;0
v;w;0;0;0;0;0;0;0;0;0;0;0;0;0;0;0;0;0;0;0;0;0;0;0;0;0;0;0
v;x;0;0;0;0;0;0;0;0;0;0;0;0;0;0;0;0;0;0;0;0;0;0;0;0;0;0;0
v;y;0;0;0;0;0,0060976;0;0;0,0121951;0,0182927;0;0;0,0121951;0;0;0;0;0;0;0;0;0;0;0;0;0;0;0,9512195
v;z;0;0;0;0;0;0;0;0;0;0;0;0;0;0;0;0;0;0;0;0;0;0;0;0;0;0;0
v;S;0,0116279;0,0348837;0,0232558;0,0116279;0,0116279;0,0116279;0;0,0232558;0,0232558;0,0232558;0;0,0232558;0,0348837;0,0116279;0,0465116;0,1860465;0;0,0116279;0,0465116;0,0348837;0,0116279;0,0116279;0,0465116;0;0,0116279;0;0,3488372
w;a;0;0,0001253;0;0,0016285;0;0,000689;0,0032569;0,0000626;0,0247401;0;0,0097081;0,0469748;0,0030064;0,0383941;0;0;0;0,1352249;0,5343229;0,075786;0;0,0104597;0;0,0041338;0,1062257;0,0042591;0,0010021
w;b;0,2068966;0;0;0;0,3103448;0;0;0;0,0344828;0;0;0,0689655;0;0;0,0689655;0;0;0,2068966;0;0;0,1034483;0;0;0;0;0;0
w;c;0,0384615;0;0;0;0,1538462;0;0;0;0;0;0;0,0384615;0;0;0,3076923;0;0;0,3076923;0;0;0,1538462;0;0;0;0;0;0
w;d;0;0;0;0,0060606;0,2909091;0;0;0;0,0121212;0;0;0,0181818;0;0;0,0060606;0;0;0,030303;0,0121212;0;0,0060606;0;0;0;0,0060606;0;0,6121212
w;e;0,0358139;0,0033598;0;0,049253;0,0918579;0;0,0002145;0,0000715;0,0107227;0;0;0,1082994;0;0,0486096;0;0,004861;0;0,3365501;0,0208021;0,0040746;0;0,0318822;0;0,0000715;0;0;0,2535564
w;f;0;0;0;0;0,0263158;0;0;0;0,0087719;0;0;0,0175439;0;0;0,0263158;0;0;0,0087719;0;0;0,9122807;0;0;0;0;0;0
w;g;0;0;0;0;0;0;0;0;0,6666667;0;0;0,3333333;0;0;0;0;0;0;0;0;0;0;0;0;0;0;0
w;h;0,1397308;0;0;0;0,286918;0;0;0;0,3722721;0;0;0;0;0;0,1719205;0;0;0;0;0;0;0;0;0;0,0291586;0;0
w;i;0;0;0,0119979;0,0295778;0,0013474;0,0151418;0,0022456;0;0;0;0;0,1923521;0,0042987;0,116579;0;0,0021173;0;0,0008341;0,0531246;0,5676248;0;0,0008341;0;0,0007058;0;0,0000642;0,0011549
w;j;0;0;0;0;0;0;0;0;0;0;0;0;0;0;0;0;0;0;0;0;0;0;0;0;0;0;0
w;k;0;0;0;0;0,0227273;0;0;0;0,0227273;0;0;0;0;0;0;0;0;0;0,4545455;0;0;0;0,4090909;0;0;0;0,0909091
w;l;0,0282413;0;0;0,0359435;0,3132221;0,0012837;0;0;0,1014121;0;0;0,0012837;0;0;0;0;0;0;0,0539153;0;0;0;0;0;0,3401797;0;0,1245186
w;m;0,3333333;0;0;0;0,3333333;0;0;0;0,125;0;0;0;0;0;0,125;0;0;0;0;0;0;0;0;0;0;0;0,0833333
w;n;0;0;0,0012315;0,0067734;0,0458744;0,0009236;0;0,0009236;0,0141626;0;0;0,0006158;0,0003079;0;0,0003079;0;0;0,0009236;0,020936;0,0012315;0,0006158;0;0,0095443;0;0,0033867;0;0,8922414
w;o;0;0;0;0,0001229;0,0058997;0,0002458;0;0,0001229;0;0;0,0029499;0,006883;0,0582596;0,0705506;0,0569076;0,0002458;0;0,2669617;0,0004916;0,0009833;0,3468535;0,0019666;0;0;0;0;0,1805556
w;p;0,2857143;0;0;0;0;0;0;0;0,2857143;0;0;0;0;0;0,2857143;0;0;0;0;0;0,1428571;0;0;0;0;0;0
w;q;0;0;0;0;0;0;0;0;0;0;0;0;0;0;0;0;0;0;0;0;1;0;0;0;0;0;0
w;r;0,1160839;0;0;0,013986;0,2783217;0;0;0;0,2993007;0;0;0;0;0;0,2391608;0;0;0;0,020979;0;0,013986;0;0;0;0,0083916;0;0,0097902
w;s;0,0009074;0;0,0018149;0;0,0208711;0;0;0,0054446;0,0072595;0;0;0,0045372;0;0;0,0036298;0,008167;0;0;0;0,0426497;0,0027223;0;0;0;0,0009074;0;0,9010889
w;t;0;0;0;0;0,0316456;0;0;0,7594937;0;0;0;0;0;0;0,0696203;0;0;0,0253165;0,0189873;0;0;0;0;0;0;0;0,0949367
w;u;0;0;0;0;0;0;0;0;0;0;0;0;0,0392157;0,3137255;0;0,0098039;0;0,0196078;0,0098039;0,6078431;0;0;0;0;0;0;0
w;v;0;0;0;0;0;0;0;0;0;0;0;0;0;0;0;0;0;0;0;0;0;0;0;0;0;0;0
w;w;0,1071429;0;0;0;0,0714286;0;0;0,5;0,1071429;0;0;0;0;0;0,1785714;0;0;0,0357143;0;0;0;0;0;0;0;0;0
w;x;0;0;0;0;0;0;0;0;0;0;0;0;0;0;0;0;0;0;0;0;0;0;0;0;0;0;0
w;y;0;0;0;0;0,2166667;0;0;0;0;0;0;0;0;0;0,0166667;0;0;0;0;0;0;0;0;0;0;0;0,7666667
w;z;0;0;0;0;0;0;0;0;0;0;0;0;0;0;0;0;0;0;0;0;0;0;0;0;0;0;0
w;S;0,1045714;0,0310235;0,0338262;0,0281241;0,0155601;0,0373055;0,0132406;0,0690055;0,0777037;0,0034793;0,0023195;0,0236784;0,0512226;0,0225186;0,0582778;0,0217454;0,0019329;0,0173963;0,0674592;0,1344351;0,0104378;0,0102445;0,0646564;0;0,0197159;0,0051223;0,0749976
x;a;0;0;0,2607656;0;0;0;0,0885167;0;0;0;0;0,0406699;0,5526316;0,0239234;0;0;0;0;0,0143541;0,0191388;0;0;0;0;0;0;0
x;b;0;0;0;0;0;0;0;0;0;0;0;0;0;0;0;0;0;0;0;0;0;0;0;0;0;0;0
x;c;0,0209854;0;0;0;0,4708029;0;0;0,0328467;0,1104015;0;0;0,2417883;0;0;0,0018248;0;0;0,0228102;0;0;0,0976277;0;0;0;0;0;0,0009124
x;d;0,1428571;0;0;0;0;0;0;0;0;0;0;0;0;0;0;0;0;0;0;0;0;0;0;0;0;0;0,8571429
x;e;0;0;0,0880829;0,4352332;0,0025907;0;0;0;0;0;0;0,0025907;0,0388601;0,0440415;0;0;0;0,1787565;0,1891192;0,0025907;0;0;0;0;0,0025907;0;0,015544
x;f;0;0;0;0;0;0;0;0;0;0;0;0;0;0;0;0;0;0;0;0;0;0;0;0;0;0;0
x;g;0;0;0;0;0;0;0;0;0;0;0;1;0;0;0;0;0;0;0;0;0;0;0;0;0;0;0
x;h;0,576087;0;0;0;0;0;0;0;0,3695652;0;0;0;0;0;0,0434783;0;0;0;0;0;0,0108696;0;0;0;0;0;0
x;i;0;0,0153453;0,0242967;0,0038363;0,028133;0;0,0038363;0;0,0255754;0;0;0,0230179;0,028133;0,0332481;0,1381074;0;0;0,0025575;0,6035806;0,028133;0;0,0153453;0;0,0102302;0;0;0,016624
x;j;0;0;0;0;0;0;0;0;0;0;0;0;0;0;0;0;0;0;0;0;0;0;0;0;0;0;0
x;k;0;0;0;0;0;0;0;0;0;0;0;0;0;0;0;0;0;0;0;0;0;0;0;0;0;0;0
x;l;0;0;0;0;0,9;0;0;0;0,1;0;0;0;0;0;0;0;0;0;0;0;0;0;0;0;0;0;0
x;m;0;0;0;0;0;0;0;0;0;0;0;0;0;0;1;0;0;0;0;0;0;0;0;0;0;0;0
x;n;0;0;0;0;0;0;0;0;0;0;0;0;0;0;0;0;0;0;0;0;0;0;0;0;0;0;0
x;o;0;0;0;0,2564103;0;0;0,025641;0;0;0;0;0;0,1282051;0,1538462;0;0;0;0,2564103;0;0,1794872;0;0;0;0;0;0;0
x;p;0,0445775;0;0;0;0,3992016;0;0;0;0,0106454;0;0;0,2634731;0;0;0,0818363;0;0;0,1976048;0;0;0,0026613;0;0;0;0;0;0
x;q;0;0;0;0;0;0;0;0;0;0;0;0;0;0;0;0;0;0;0;0;1;0;0;0;0;0;0
x;r;0;0;0;0;0;0;0;0;0;0;0;0;0;0;0;0;0;0;0;0;0;0;0;0;0;0;0
x;s;0;0;0;0;0,1052632;0;0;0;0;0;0;0;0;0;0;0;0;0;0;0;0;0;0,0526316;0;0;0;0,8421053
x;t;0,0024331;0;0;0;0,2785888;0;0;0,0072993;0,1478102;0;0;0;0;0;0,0109489;0;0;0,2895377;0,0024331;0;0,0145985;0;0,0006083;0;0,0218978;0;0,2238443
x;u;0,3823529;0,0367647;0;0,0073529;0;0;0;0;0;0;0;0,0955882;0;0;0;0;0;0,4632353;0,0147059;0;0;0;0;0;0;0;0
x;v;0;0;0;0;0;0;0;0;0,7222222;0;0;0;0;0;0;0;0;0;0;0;0;0;0;0;0;0;0,2777778
x;w;0;0;0;0;0;0;0;0;0;0;0;0;0;0;1;0;0;0;0;0;0;0;0;0;0;0;0
x;x;0;0;0;0;0;0;0;0;0,3846154;0;0;0;0;0;0;0;0;0;0;0;0;0,2769231;0;0,2461538;0;0;0,0923077
x;y;0;0;0;0;0;0;0;0;0;0;0;0;0;0;0;0;0;0;0,5714286;0;0,2142857;0;0;0;0;0;0,2142857
x;z;0;0;0;0;0;0;0;0;0;0;0;0;0;0;0;0;0;0;0;0;0;0;0;0;0;0;0
x;S;0,1154401;0,017316;0,034632;0,02886;0,01443;0,0505051;0,008658;0,0678211;0,0909091;0,002886;0,004329;0,01443;0,0591631;0,015873;0,0822511;0,015873;0,001443;0,025974;0,0620491;0,0692641;0,008658;0,001443;0,0649351;0;0,021645;0;0,1212121
y;a;0,0037313;0,0018657;0,0410448;0,005597;0,0018657;0;0,2014925;0,0485075;0;0;0;0,108209;0,0186567;0,0970149;0;0,0018657;0,0130597;0,3432836;0,0074627;0,0037313;0;0,0037313;0,0429104;0;0,0037313;0;0,0522388
y;b;0,0479452;0;0;0,0034247;0,0582192;0;0;0;0,0068493;0;0;0,0205479;0;0;0,2089041;0;0;0,619863;0;0;0,0342466;0;0;0;0;0;0
y;c;0,0898876;0;0;0,0224719;0,1348315;0;0;0,2134831;0,0786517;0;0;0,2022472;0;0;0,1910112;0;0;0,0337079;0;0,0337079;0;0;0;0;0;0;0
y;d;0,0324675;0;0;0;0,1103896;0;0;0;0,0649351;0;0;0;0;0,0714286;0,0194805;0;0;0,1493506;0,012987;0;0;0;0;0;0;0;0,538961
y;e;0,1330462;0,0033501;0;0,1201244;0,0035894;0,0002393;0;0,0009572;0,0081359;0;0;0,0380474;0;0,0014358;0,0002393;0;0;0,0454654;0,2680067;0,2608279;0;0,0011965;0,0023929;0,0002393;0,0021536;0;0,1105528
y;f;0,0707965;0;0;0;0,0176991;0;0;0;0,5132743;0;0;0,0619469;0;0;0,2477876;0;0;0;0;0;0,0884956;0;0;0;0;0;0
y;g;0,173913;0;0;0;0,1304348;0;0;0;0,3478261;0;0;0;0;0,0434783;0,2173913;0;0;0,0869565;0;0;0;0;0;0;0;0;0
y;h;0,0377358;0;0;0;0,2264151;0;0;0;0,0377358;0;0;0;0;0;0,6792453;0;0;0;0;0;0,0188679;0;0;0;0;0;0
y;i;0;0;0;0;0,087619;0,0009524;0;0;0;0;0;0;0,0009524;0,8914286;0,0019048;0;0;0;0,0019048;0,0047619;0;0;0;0;0;0;0,0104762
y;j;1;0;0;0;0;0;0;0;0;0;0;0;0;0;0;0;0;0;0;0;0;0;0;0;0;0;0
y;k;0;0;0;0;1;0;0;0;0;0;0;0;0;0;0;0;0;0;0;0;0;0;0;0;0;0;0
y;l;0,0548523;0;0;0,021097;0,2700422;0;0;0;0,3164557;0;0;0,164557;0;0;0,0675105;0,0084388;0;0;0,0042194;0;0,0464135;0,0084388;0;0;0,021097;0;0,0168776
y;m;0,1758621;0,0172414;0;0;0,3172414;0;0;0;0,0172414;0;0;0;0,062069;0,0482759;0,0896552;0,2551724;0;0,0034483;0;0;0;0;0;0;0,0137931;0;0
y;n;0,0239521;0;0,1676647;0,1257485;0,1497006;0;0,005988;0;0,1077844;0;0;0;0;0,1257485;0,1676647;0;0;0;0,0299401;0,0419162;0,005988;0;0;0,0239521;0;0;0,0239521
y;o;0,0002234;0;0;0;0;0,0003351;0;0;0;0;0,0008937;0,0023458;0;0,0335121;0;0,0003351;0;0,0046917;0,0017873;0;0,9499553;0;0;0;0;0;0,0059205
y;p;0,0241546;0;0;0;0,3429952;0;0;0,057971;0,1062802;0;0;0,0193237;0;0;0,1835749;0;0;0,0193237;0,0386473;0,1594203;0,0483092;0;0;0;0;0;0
y;q;0;0;0;0;0;0;0;0;0;0;0;0;0;0;0;0;0;0;0;0;0;0;0;0;0;0;0
y;r;0,1652893;0;0;0,0082645;0,5482094;0;0,0027548;0,0247934;0,1404959;0;0;0,0027548;0,0110193;0;0,0275482;0,0027548;0;0,0137741;0,0055096;0,0137741;0,0027548;0;0;0;0,0247934;0;0,0055096
y;s;0,002901;0;0,0016577;0;0,1757149;0,0004144;0;0,0008288;0,0679652;0;0;0,002901;0,0062163;0;0,0062163;0,0012433;0;0;0,0132615;0,1417323;0,0020721;0;0,0004144;0;0;0;0,5764608
y;t;0,0036855;0;0;0;0,019656;0;0;0,3599509;0,0110565;0;0;0;0;0;0,5626536;0;0;0,017199;0;0,0012285;0,0036855;0;0,019656;0;0;0;0,0012285
y;u;0;0;0,0227273;0;0,8409091;0;0;0;0;0;0;0;0;0,0681818;0;0;0;0,0681818;0;0;0;0;0;0;0;0;0
y;v;0;0;0;0;0,8;0;0;0;0,2;0;0;0;0;0;0;0;0;0;0;0;0;0;0;0;0;0;0
y;w;0,1680672;0;0;0;0,0084034;0;0;0,7478992;0,0336134;0;0;0;0;0;0,0252101;0;0;0,0168067;0;0;0;0;0;0;0;0;0
y;x;0;0;0;0;0;0;0;0;0;0;0;0;0;0;0;0;0;0;0;0;0;0;0;0;0;0;1
y;y;0;0;0;0;0,2857143;0;0;0;0;0;0;0;0;0;0,7142857;0;0;0;0;0;0;0;0;0;0;0;0
y;z;0;0;0;0;0,6666667;0;0;0;0,1333333;0;0;0;0;0;0,1333333;0;0;0;0;0;0;0;0;0;0;0;0,0666667
y;S;0,1122751;0,0503455;0,0480915;0,038706;0,0233899;0,0452278;0,0170898;0,0549274;0,0559435;0,0028267;0,005635;0,0254591;0,0396667;0,0192514;0,074382;0,0307061;0,002291;0,0256993;0,0753242;0,1170417;0,0096257;0,0075195;0,0610058;0,0000185;0,0081846;0,000037;0,0493293
z;a;0,0005945;0,0005945;0;0;0;0;0,0065398;0;0;0;0;0,0029727;0,0005945;0,8424495;0;0;0;0,0677765;0,0023781;0,0404281;0;0;0;0;0;0,0005945;0,0350773
z;b;0;0;0;0;1;0;0;0;0;0;0;0;0;0;0;0;0;0;0;0;0;0;0;0;0;0;0
z;c;0,9583333;0;0;0;0;0;0;0,0416667;0;0;0;0;0;0;0;0;0;0;0;0;0;0;0;0;0;0;0
z;d;0;0;0;0;0;0;0;0;0;0;0;0;0;0;0;0;0;0;0;0;0;0;0;0;0;0;1
z;e;0,0644096;0,0198183;0;0,3104872;0,0008258;0;0;0;0;0;0,0008258;0,0520231;0,0107349;0,1420314;0;0,0074319;0;0,0123865;0,0272502;0,0008258;0;0;0;0;0;0;0,3509496
z;f;0;0;0;0;0;0;0;0;0;0;0;0;0;0;0;0;0;0;0;0;0;0;0;0;0;0;0
z;g;0;0;0;0;0;0;0;0;0;0;0;0;0;0;0;0;0;0;0;0;0;0;0;0;0;0;0
z;h;0;0;0;0;0;0;0;0;0;0;0;0;0;0;1;0;0;0;0;0;0;0;0;0;0;0;0
z;i;0;0,0035336;0,0176678;0;0,0282686;0;0,0388693;0;0;0;0;0,2897527;0;0,3710247;0,0070671;0;0;0,2402827;0;0;0;0,0035336;0;0;0;0;0
z;j;1;0;0;0;0;0;0;0;0;0;0;0;0;0;0;0;0;0;0;0;0;0;0;0;0;0;0
z;k;0;0;0;0;0;0;0;0;0;0;0;0;0;0;0;0;0;0;0;0;0;0;0;0;0;0;0
z;l;0;0;0;0,0379747;0,7721519;0;0;0;0,1772152;0;0;0;0;0;0;0;0;0;0;0;0;0;0;0;0,0126582;0;0
z;m;0;0;0;0;0;0;0;0;0;0;0;0;0;0;0;0;0;0;0;0;0;0;0;0;0;0;0
z;n;0;0;0;0;0;0;0;0;0;0;0;0;0;0;0;0;0;0;0;0;0;0;0;0;0;0;0
z;o;0,0171821;0;0;0,0068729;0,0103093;0;0;0;0,0756014;0;0;0;0;0,4295533;0,233677;0,0034364;0;0,0446735;0,0206186;0,0068729;0;0;0;0;0;0;0,1512027
z;p;0;0;0;0;0;0;0;0;0;0;0;0;0;0;0;0;0;0;0;0;0;0;0;0;0;0;0
z;q;0;0;0;0;0;0;0;0;0;0;0;0;0;0;0;0;0;0;0;0;0;0;0;0;0;0;0
z;r;0;0;0;0;0;0;0;0;0;0;0;0;0;0;1;0;0;0;0;0;0;0;0;0;0;0;0
z;s;0;0;0;0;0;0;0;0;0;0;0;0;0;0;0;0;0;0;0;0;0;0;0;0;0;0;1
z;t;0;0;0;0;0,5;0;0;0,5;0;0;0;0;0;0;0;0;0;0;0;0;0;0;0;0;0;0;0
z;u;0;0;0,1333333;0;0;0;0;0;0;0;0;0;0,0666667;0;0;0;0;0,6666667;0,0666667;0;0;0;0;0;0;0;0,0666667
z;v;0;0;0;0;0;0;0;0;0;0;0;0;0;0;1;0;0;0;0;0;0;0;0;0;0;0;0
z;w;0;0;0;0;0;0;0;0;0;0;0;0;0;0;0;0;0;0;0;0;0;0;0;0;0;0;0
z;x;0;0;0;0;0;0;0;0;0;0;0;0;0;0;0;0;0;0;0;0;0;0;0;0;0;0;0
z;y;0;0;0;0;0;0;0;0;0;0;0;0;0;0;0;0;0;0;0,025;0;0;0;0;0;0;0;0,975
z;z;0,1401869;0;0;0;0,0186916;0;0;0;0,1121495;0;0;0,635514;0;0;0,0093458;0;0;0;0;0;0;0;0;0;0,0747664;0;0,0093458
z;S;0,0966184;0,0531401;0,0193237;0,0193237;0,0048309;0,0144928;0;0,0338164;0,0531401;0,0096618;0,0048309;0;0,0144928;0,0144928;0,0338164;0,0338164;0;0,3333333;0,0289855;0,0724638;0,0048309;0,0048309;0,0531401;0;0,0096618;0;0,0869565
S;a;0,0000193;0,0257261;0,0218098;0,0176041;0,0003666;0,0184723;0,0177874;0,0011672;0,0052861;0,0000868;0,0000868;0,0659021;0,0206233;0,3676798;0,0000096;0,0242792;0,0003666;0,0579923;0,0923902;0,0634134;0,0047652;0,0024694;0,0082088;0,000328;0,0007427;0,000463;0,1819541
S;b;0,0610288;0;0,0000231;0;0,4272243;0;0;0;0,025177;0;0;0,0411546;0;0;0,0765223;0;0;0,0860213;0;0;0,1613677;0;0;0;0,1209739;0;0,0005072
S;c;0,2231295;0;0;0;0,0349376;0;0;0,120358;0,0195232;0;0;0,0864411;0;0,0000262;0,4125514;0;0;0,0691686;0;0,0001309;0,0288922;0;0;0;0,0011777;0,0000262;0,0036377
S;d;0,1207939;0;0;0;0,2660727;0;0;0,0000362;0,283567;0,0002173;0;0;0,0000724;0;0,2008403;0;0;0,0772574;0;0,0000724;0,0442609;0,0000362;0,0038755;0;0,0026441;0;0,0002535
S;e;0,1507311;0,00101;0,004521;0,0194786;0,0023567;0,0221239;0,0074067;0,0012986;0,026212;0,0016352;0,0000481;0,046364;0,0324163;0,1610716;0,0003367;0,0037033;0,0153905;0,0178915;0,0348692;0,0080319;0,0103405;0,1514525;0,0003367;0,2274913;0,052424;0,0000481;0,00101
S;f;0,1400992;0;0;0;0,1088268;0;0;0;0,1282858;0;0;0,0496574;0;0;0,3313389;0;0;0,2023371;0;0;0,0380485;0;0;0;0;0;0,0014064
S;g;0,0994511;0;0;0;0,1624508;0;0;0,002804;0,0983176;0;0;0,070457;0,0000597;0,0023267;0,1989619;0;0;0,3238277;0;0;0,0401503;0;0;0;0,0008352;0;0,000358
S;h;0,3135823;0;0;0;0,3483157;0;0;0;0,2154018;0;0;0;0,0000169;0;0,0898268;0;0;0;0,0000169;0;0,027682;0;0;0;0,004887;0;0,0002706
S;i;0,0000453;0,0000756;0,0016321;0,0064226;0,0000907;0,0324453;0,0019343;0;0,0005591;0;0;0,0082662;0,0322488;0,3980022;0,0000453;0;0,0001209;0,0042616;0,1172079;0,1615462;0;0,0026597;0,0000453;0,0001058;0;0;0,2322851
S;j;0,2687759;0;0;0;0,0591366;0;0;0;0,0002957;0;0;0;0;0;0,2758723;0;0;0;0;0;0,390893;0;0;0;0,0002957;0;0,0047309
S;k;0,0304397;0;0;0;0,1781285;0;0;0,0002255;0,30823;0;0;0,0024803;0;0,4687711;0,0033822;0;0;0;0,0002255;0;0,0078918;0;0;0;0;0;0,0002255
S;l;0,2257412;0;0;0;0,1930587;0;0;0;0,3295239;0;0;0,0009699;0;0;0,2299161;0;0;0;0;0,0000422;0,0134947;0,0000422;0;0;0,0068739;0;0,0003374
S;m;0,2433809;0,0008069;0;0,0000756;0,1887639;0;0;0;0,1168743;0;0;0,0000252;0,0001513;0;0,1980433;0;0;0,0431187;0,0002522;0,0000252;0,0836149;0;0;0;0,1228504;0;0,0020172
S;n;0,1114359;0,0000436;0;0,0006981;0,204241;0;0;0;0,0438064;0;0;0,0000436;0;0;0,5908635;0;0;0;0;0;0,0475588;0;0,0002182;0;0,0002182;0;0,0008726
S;o;0,0010092;0,0180866;0,0153902;0,0014823;0,0002996;0,5241812;0,0000631;0,0041629;0,0003311;0,0000158;0,0000158;0,0125518;0,0009934;0,1849662;0,0000473;0,017314;0;0,0897867;0,001498;0,035306;0,0511062;0,0218711;0,0160998;0,0003469;0,0000788;0;0,002996
S;p;0,2125754;0;0;0;0,1369206;0;0;0,0160378;0,045228;0;0;0,1267658;0,0001499;0,0000375;0,1395061;0,0001874;0;0,25578;0,0005621;0,0002998;0,0589051;0;0;0;0,0014989;0;0,0055458
S;q;0;0;0;0;0;0;0;0;0;0;0;0;0;0;0;0;0;0;0;0;0,9921551;0;0;0;0;0;0,0078449
S;r;0,1341919;0;0;0,0008139;0,5585025;0;0;0,0028725;0,0857909;0;0;0;0;0,0000479;0,1630123;0;0;0;0,0001436;0;0,0539065;0;0;0;0;0;0,0007181
S;s;0,1026454;0;0,0236908;0,0000145;0,1359782;0;0;0,1499978;0,0709559;0;0,0065153;0,021902;0,0179026;0,0060354;0,1437006;0,0733701;0,0023124;0;0,0000291;0,1310918;0,0973662;0;0,0117945;0;0,0037958;0;0,0009017
S;t;0,0260492;0,000007;0;0;0,0189213;0,000007;0;0,696081;0,0175813;0;0;0;0;0;0,1895986;0;0;0,0282241;0,000007;0;0,0080821;0;0,0137577;0;0,0008559;0;0,0008278
S;u;0;0,0003327;0;0,0003327;0;0;0,0034383;0;0;0,0001109;0;0,0058784;0,0023292;0,4360027;0;0,3301908;0;0,0131988;0,1772405;0,0303904;0;0;0;0,0001109;0;0,0001109;0,0003327
S;v;0,2900606;0;0;0;0,3574836;0;0;0;0,2333376;0;0;0;0;0;0,1104809;0;0;0,0002578;0;0;0,0036096;0,0032229;0;0;0;0;0,001547
S;w;0,2169886;0;0;0,0000169;0,1566192;0;0;0,2708175;0,2363569;0;0;0;0,0000338;0,0000169;0,1070324;0;0;0,0105292;0;0;0,0010816;0;0;0;0,0000338;0;0,0004732
S;x;0;0;0,0092593;0;0,0092593;0;0;0;0,25;0;0;0;0;0;0;0;0;0;0,0092593;0;0;0,1666667;0;0,4537037;0;0;0,1018519
S;y;0,019578;0;0;0;0,2082961;0;0;0;0,0082246;0;0;0;0;0;0,7632755;0;0;0;0;0;0,0000894;0;0;0;0;0;0,0005364
S;z;0,0035211;0;0;0;0,3908451;0;0;0;0,1619718;0;0;0;0;0;0,4225352;0;0;0;0;0;0,0035211;0;0;0;0;0;0,0176056
S;S;0,0926942;0,0374679;0,0208216;0,0209857;0,0114683;0,026893;0,0091527;0,0665123;0,1508743;0,0054515;0,0016409;0,0113224;0,0304119;0,02744;0,042573;0,0131457;0,0009663;0,0073659;0,0482251;0,1605193;0,0042299;0,0033183;0,0632304;0,0003464;0,0263096;0,000237;0,1163965